/*
 Navicat MySQL Data Transfer

 Source Server         : 本地数据库
 Source Server Type    : MySQL
 Source Server Version : 80021
 Source Host           : localhost:3306
 Source Schema         : miguo_matrix

 Target Server Type    : MySQL
 Target Server Version : 80021
 File Encoding         : 65001

 Date: 08/04/2021 14:11:30
*/

SET NAMES utf8mb4;
SET FOREIGN_KEY_CHECKS = 0;

-- ----------------------------
-- Table structure for client_article
-- ----------------------------
DROP TABLE IF EXISTS `client_article`;
CREATE TABLE `client_article` (
  `id` varchar(127) NOT NULL,
  `article` longtext COMMENT '正文',
  `title` varchar(255) DEFAULT NULL COMMENT '标题',
  `author` varchar(255) DEFAULT NULL COMMENT '作者',
  `reviewer` varchar(255) DEFAULT NULL COMMENT '审改人',
  `readings` int DEFAULT NULL COMMENT '阅读量',
  `status` varchar(255) DEFAULT NULL COMMENT '状态',
  `pic` varchar(255) DEFAULT NULL COMMENT '文章头图',
  `create_at` datetime DEFAULT NULL,
  `create_by` varchar(255) DEFAULT NULL,
  `is_del` bit(1) DEFAULT NULL COMMENT '是否软删除（下架）',
  `update_at` datetime DEFAULT NULL,
  `update_by` varchar(255) DEFAULT NULL,
  PRIMARY KEY (`id`) USING BTREE
) ENGINE=InnoDB DEFAULT CHARSET=utf8mb4 COLLATE=utf8mb4_0900_ai_ci ROW_FORMAT=DYNAMIC COMMENT='主页文章';

-- ----------------------------
-- Records of client_article
-- ----------------------------
BEGIN;
INSERT INTO `client_article` VALUES ('414416814756605952', '<section class=\"\">\n<p>12月1日上午，2019肇庆国际半程马拉松在肇庆城区宋城一路朝天门开跑，本届赛事吸引了包括新加坡、马来西亚、英国、日本等国家及地区的20000多名选手参赛。起跑点人山人海，热闹非凡。伴着歌舞、健美操、舞狮等表演，选手们斗志昂扬地出发。</p>\n</section>\n<section>\n<section></section>\n</section>\n<section class=\"\">\n<p>以上三图 林晔 摄</p>\n</section>\n<p><img style=\"display: block; margin-left: auto; margin-right: auto;\" src=\"https://migotimes.com/file/450352803601461248.png\" /></p>\n<p style=\"text-align: center;\"><img src=\"https://migotimes.com/file/450352834073079808.png\" /></p>\n<p><img style=\"display: block; margin-left: auto; margin-right: auto;\" src=\"https://migotimes.com/file/450352859943546880.png\" /></p>\n<p>&nbsp;</p>\n<p>一声开跑鸣笛发令后，选手们冲出起跑点。</p>\n<p>&nbsp;</p>\n<p><img style=\"display: block; margin-left: auto; margin-right: auto;\" src=\"https://migotimes.com/file/450394280067084288.png\" /></p>\n<p>&nbsp;</p>\n<p><img style=\"display: block; margin-left: auto; margin-right: auto;\" src=\"https://migotimes.com/file/450394320491786240.png\" /></p>\n<section class=\"\">\n<p style=\"text-align: center;\">西江日报记者刘春林 摄</p>\n</section>\n<section class=\"\">\n<p>&nbsp;</p>\n<p>本届半程马拉松报名总人数为8000人，其中广东选手占62.58%，而肇庆本土选手在广东选手中占34.54%。半程马拉松线路为：宋城一路朝天门（起点）&mdash;&mdash;天宁北路&mdash;&mdash;端州四路&mdash;&mdash;星荷路&mdash;&mdash;星湖西路&mdash;&mdash;百丈堤&mdash;&mdash;肇庆大道辅道&mdash;&mdash;砚都大道辅道&mdash;&mdash;狮岗北路&mdash;&mdash;星湖大道&mdash;&mdash;砚都大道（肇庆大道路口折返）&mdash;&mdash;砚都大道&mdash;&mdash;星湖大道&mdash;&mdash;蓝塘四路（折返）&mdash;&mdash;蓝塘四路&mdash;&mdash;星湖大道（折返）&mdash;&mdash;文明北路&mdash;&mdash;牌坊公园（终点），共21.0975 km。</p>\n<p>半程马拉松开跑后，紧接着迷你马拉松的选手也在起跑点出发。</p>\n</section>\n<p><img style=\"display: block; margin-left: auto; margin-right: auto;\" src=\"https://migotimes.com/file/450394519805112320.png\" /></p>\n<p style=\"text-align: center;\"><img src=\"https://migotimes.com/file/450394625350578176.png\" /></p>\n<section class=\"\">\n<p style=\"text-align: center;\">西江日报记者刘春林 摄</p>\n<p>&nbsp;</p>\n</section>\n<section class=\"\">\n<p>本届迷你马拉松报名总人数为12000人，迷你马拉松线路为：宋城一路朝天门（起点）&mdash;&mdash;天宁北路&mdash;&mdash;端州四路&mdash;&mdash;星荷路&mdash;&mdash;星湖西路&mdash;&mdash;星湖景区绿道&mdash;&mdash;肇庆大道绿道&mdash;&mdash;七星岩北门广场（终点），共8.8 km。</p>\n<p style=\"text-align: left;\">选手们在赛道上一边奔跑，一边享受沿途的风景。</p>\n</section>\n<p style=\"text-align: center;\"><img src=\"https://migotimes.com/file/450394746217836544.png\" /></p>\n<p style=\"text-align: center;\"><img src=\"https://migotimes.com/file/450394779516416000.png\" /></p>\n<p style=\"text-align: center;\"><img src=\"https://migotimes.com/file/450394825792172032.png\" /></p>\n<p style=\"text-align: center;\"><img src=\"https://migotimes.com/file/450394852438585344.png\" /></p>\n<p style=\"text-align: center;\">西江日报记者刘春林 摄</p>\n<p><img style=\"display: block; margin-left: auto; margin-right: auto;\" src=\"https://migotimes.com/file/450394894369042432.png\" /></p>\n<p><img style=\"display: block; margin-left: auto; margin-right: auto;\" src=\"https://migotimes.com/file/450395106919591936.png\" /></p>\n<p style=\"text-align: center;\">图源：多彩肇庆</p>\n<p><img style=\"display: block; margin-left: auto; margin-right: auto;\" src=\"https://migotimes.com/file/450395057766543360.png\" /></p>\n<p style=\"text-align: center;\">阿范&middot;永智 摄</p>\n<p><img style=\"display: block; margin-left: auto; margin-right: auto;\" src=\"https://migotimes.com/file/450395226352398336.png\" /></p>\n<p style=\"text-align: center;\">肇庆市摄影家协会供图</p>\n<p><img style=\"display: block; margin-left: auto; margin-right: auto;\" src=\"https://migotimes.com/file/450395253976084480.png\" /></p>\n<p>&nbsp;</p>\n<p><img style=\"display: block; margin-left: auto; margin-right: auto;\" src=\"https://migotimes.com/file/450395303552757760.png\" /></p>\n<p>&nbsp;</p>\n<p>几名第二次参加肇马的选手表示，这次赛道设置比之前的更好了，不仅跑进了景区，也没有重合的路线。从外地来肇庆参加&ldquo;肇马&rdquo;的选手表示，赛道沿途风景迷人，从没想到跑马拉松可以如此亲近大自然，在青山绿水间跑步感觉心情很舒畅，并表示以后带家人一起来参加&ldquo;肇马&rdquo;。</p>\n<p>&nbsp;</p>\n<p style=\"text-align: center;\"><img src=\"https://migotimes.com/file/450395508532588544.png\" /></p>\n<p style=\"text-align: left;\">为了保证这次&ldquo;肇马&rdquo;圆满完成，在高校共招募了1184名学生志愿者，有近450人次的警力出警，另外还有清洁环保人员，医务人员，他们的身影不时出现，保障了赛事顺利进行，为这次比赛增添了一抹亮色，也让选手们充分感受到&ldquo;肇马&rdquo;的专业和肇庆的热情。</p>\n<p style=\"text-align: center;\"><img src=\"https://migotimes.com/file/450395587700076544.png\" /></p>\n<p style=\"text-align: center;\">&nbsp;</p>\n<p style=\"text-align: center;\"><img src=\"https://migotimes.com/file/450395615000801280.png\" /></p>\n<p style=\"text-align: center;\">&nbsp;</p>\n<p><img style=\"display: block; margin-left: auto; margin-right: auto;\" src=\"https://migotimes.com/file/450395638593761280.png\" /></p>\n<section class=\"\">\n<p style=\"text-align: center;\">以上三图来源 多彩肇庆</p>\n<p>&nbsp;</p>\n</section>\n<section class=\"\">\n<p>赛道终点，媒体和观众翘首以盼，谁会是第一个冲过终点的人，他来了，第二名，第三名也接踵而至，来看看他们的比赛成绩：</p>\n<p>&nbsp;</p>\n<p><strong>半程男子前三名</strong></p>\n<p>第一名：A6527 ELKANA KIPTOO TENAI（肯尼亚） 01:04:34</p>\n<p>第二名：A5199 阙小龙（中国） 01:12:38</p>\n<p>第三名：A4156 柯晓华（中国） 01:13:07</p>\n<p>&nbsp;</p>\n<p><strong>中国籍男子前三名</strong></p>\n<p>第一名：A5199 阙小龙 01:12:38</p>\n<p>第二名：A4156 柯晓华 01:13:07</p>\n<p>第三名：A5110 潘金龙 01:14:27</p>\n<p>&nbsp;</p>\n<p><strong>半程女子/中国籍女子前三名</strong></p>\n<p>第一名：A8648 陈丽琴 01:19:54</p>\n<p>第二名：A9507 周清兰 01:23:33</p>\n<p>第三名：A9444 张 爽 01:28:11</p>\n<p>&nbsp;</p>\n</section>\n<p><img style=\"display: block; margin-left: auto; margin-right: auto;\" src=\"https://migotimes.com/file/450395755862306816.png\" /></p>\n<p>来自肯尼来的ELKANA KIPTOO TENAI表示，今天舒适的天气是他最满意的部分，他为这次赛事做了三个月的准备工作，通过这次比赛感受到了肇庆这座城市的美好。</p>\n<p style=\"text-align: center;\"><img src=\"https://migotimes.com/file/450395794772865024.png\" /></p>\n<p style=\"text-align: center;\">&nbsp;</p>\n<p style=\"text-align: center;\"><img src=\"https://migotimes.com/file/450395817338220544.png\" /></p>\n<p style=\"text-align: center;\">&nbsp;</p>\n<p style=\"text-align: center;\"><img src=\"https://migotimes.com/file/450395837902893056.png\" /></p>\n<section class=\"\">\n<p style=\"text-align: center;\">以上四图 林晔 摄</p>\n</section>\n<section class=\"\">\n<p>第二次参加肇马，并且两次获得女子组冠军的陈丽琴接受采访时表示，这次比赛途中有许多学生啦啦队加油助威，很好客，不会感觉无聊。对于赛道的设计她也觉得比较满意。</p>\n<p>&nbsp;</p>\n<p>文：腾讯大粤网肇庆见习编辑 王丽</p>\n<p>编辑：腾讯大粤网肇庆</p>\n</section>', '重温“肇马”超燃现场！高清美图+精彩视频大放送~', '林晔、王丽', '何承翰', NULL, 'reviewed', '429747710179160064.jpg', '2020-01-14 11:05:34', NULL, b'0', '2020-04-22 17:53:58', 'Hocassian');
INSERT INTO `client_article` VALUES ('415488110626091008', '<p>12月8日下午，肇庆市计算机学会举行2019年会暨科学报告会，大会以&ldquo;创新时代&middot;引领未来&rdquo;为主题，旨在为建设粤港澳大湾区信息化发挥作用。</p>\n<p><img style=\"display: block; margin-left: auto; margin-right: auto;\" src=\"https://migotimes.com/file/450396244913958912.png\" /></p>\n<p>肇庆市计算机学会理事长张树华作第四届理事会2019年理事会工作报告。</p>\n<p><img style=\"display: block; margin-left: auto; margin-right: auto;\" src=\"https://migotimes.com/file/450396340208545792.png\" /></p>\n<p>广东省计算机副理事长兼秘书长黄轩致辞，他希望肇庆市计算机学会加强与各兄弟院校、计算机相关领域的交流与合作，在科学研究与人才培养方面进行更加深入、更加广泛的合作。</p>\n<p><img style=\"display: block; margin-left: auto; margin-right: auto;\" src=\"https://migotimes.com/file/450396361607884800.png\" /></p>\n<p>肇庆市科协党组书记余飞兴致辞，他肯定了肇庆市计算机学会2019年取得的成绩，对学会下阶段的工作提出了四点建议：一是要加强组织建设；二是做好政府的好帮手；三是要以提高学术交流和科技服务的质量和实效为抓手；四是大力开展信息技术和信息安全知识科普，为提高人民群众科学文化素养服务。</p>\n<p><img style=\"display: block; margin-left: auto; margin-right: auto;\" src=\"https://migotimes.com/file/450396389915242496.png\" /></p>\n<p>肇庆市计算机学会成立于1995年，20多年来为肇庆经济和信息化建设作出积极贡献。到目前为止，有会员单位30家，会员290人。会议透露，2019年，肇庆市计算机学会在政产学研活动，助力美丽乡村活动中，坚持服务企业，举行学术交流，科学普及，科技咨询，组织建设以及开展青少年科技教育活动等方面取得不俗的成绩。2019年肇庆市开展培训及交流、走访活动等近300次4000人。</p>\n<p>&nbsp;</p>\n<p><span style=\"color: #7e8c8d; font-size: 10pt;\">文：腾讯大粤网肇庆 见习编辑柯冰莲</span></p>\n<p><span style=\"color: #7e8c8d; font-size: 10pt;\">图片由肇庆市计算机学会提供</span></p>\n<p><span style=\"color: #7e8c8d; font-size: 10pt;\">编辑：米果传媒&nbsp;王丽</span></p>\n<p>&nbsp;</p>', '推进粤港澳大湾区信息化建设，肇庆市计算机学会再发力！', '王丽、柯冰莲', '何承翰', NULL, 'reviewed', '429745915260317696.jpg', '2020-01-17 10:02:31', 'Hocassian', b'0', '2020-04-22 17:56:03', 'Hocassian');
INSERT INTO `client_article` VALUES ('415504235292274688', '<p>直升机空降快速转运伤员、无人机空中喊话引导群众疏散转移、高角度绳索横渡营救市民、蛙人潜水救出落水者、三防物资跨区调度、消防机器人灭火&hellip;&hellip;，这是11月18日上午广东省三防办、肇庆市政府在肇庆新区举行的2019年灾难处置联合应急演练的场景。</p>\n<p><img style=\"display: block; margin-left: auto; margin-right: auto;\" src=\"https://oss.gzdaily.cn/site2/pad/pic/2019-11/18/e7b485a7-b8f9-4cc6-baf0-23bcf25a5885_zsize.jpg\" width=\"716\" height=\"477\" /></p>\n<p>这次演练由广东省应急管理厅指导，肇庆市人民政府主办， 鼎湖区人民政府、肇庆新区管委会承办，是肇庆市有史以来规模最大、科技含量最高、动用社会救援力量最多的一次。广东省应急管理厅副厅长杨胜强、肇庆市副市长叶锐，鼎湖区委书记陈宇航、区长刘运通等出席活动。</p>\n<p>演练模拟10级台风、暴雨灾害性天气过后，鼎湖区和肇庆新区出现城市内涝、楼房受损、民宅火警、群众被困、人员落水、交通事故等灾害和突发事件，省三防部门、肇庆市以及鼎湖区、肇庆新区两级党委、政府组织开展强有力的险情大排查、灾后全面处置工作。无人机空中灾情侦察、群众紧急疏散转移、无人机参与地质灾害救援、三防物资跨区调动、交通事故破拆救援、直升机快速转运伤员、水上联合搜救、高角度绳索横渡救援、消防灭火、供电供水通信抢修、环境监测、大规模消杀等一系列科目给现场观摩人员呈现了一场紧张有序的&ldquo;水陆空&rdquo;三栖大型应急演练。</p>\n<p><img style=\"display: block; margin-left: auto; margin-right: auto;\" src=\"https://oss.gzdaily.cn/site2/pad/pic/2019-11/18/89411819-b1e9-40dc-839e-c4ed27a0639b_zsize.jpg\" width=\"657\" height=\"438\" /></p>\n<p>演练开始后，肇庆市政府迅速启动台风三级响应并成立灾难处置指挥部。在广东省应急管理厅的指导下，肇庆市市、区两级应急、武装、公安、环境、卫健、消防、供电供水通信等部门，以及新兴应急安全谷（肇庆）有限公司、深圳科比特航空科技有限公司、上海金汇通用航空股份有限公司广东分公司、肇庆市水上搜救队等社会救援力量按照&ldquo;统一领导、协调联动，分级负责、属地为主，资源共享、快速反应&rdquo;的原则，迅速赶往受灾地点展开抢险救援工作。</p>\n<p><img style=\"display: block; margin-left: auto; margin-right: auto;\" src=\"https://oss.gzdaily.cn/site2/pad/pic/2019-11/18/112d81cf-e977-40b6-bc51-6f22102b74cf.jpg\" width=\"655\" height=\"436\" /></p>\n<p><img style=\"display: block; margin-left: auto; margin-right: auto;\" src=\"https://oss.gzdaily.cn/site2/pad/pic/2019-11/18/0b2b3a98-0f1a-4ca4-88db-9ce99a9a5284_zsize.jpg\" width=\"575\" height=\"383\" /></p>\n<p>参加此次演练的人员约300余人，共投入应急指挥车、消防救援车、消防机器人、工业级无人机、潜水装备等各种地面、空中、水面装备约100多 台（套、架）。设置了陆地、空中、水面等多个场景的演练科目。其中，高角度绳索横渡救援、无人机空投药品食物、直升机转运伤员、蛙人水下救援、消防机器人灭火等科目吸引了不少眼球。此外，现场还展示了消防抢险、医疗救护、群众安置等一系列应急装备。</p>\n<p>据介绍，本次演练开创了多项肇庆第一：是肇庆市在国家大应急体制改革后第一次全面的灾难处置应急演练；肇庆市首次省、市、县区三级联动应急演练；首次&ldquo;水陆空&rdquo;三栖联合应急演练。同时是肇庆市历届演练出动人员最多的一次，也是社会救援力量参与最多的一次。</p>\n<p>肇庆市应急管理局相关负责人介绍，本次演练突出了空中应急救援尖兵和社会应急力量参与的特点，演练检验了政府应急调度机制和科学指挥、专业处置的能力和水平；检验了各级政府之间、部门与部门之间的快速联动响应能力，检验了政府公共资源与社会救援力量互联互通的协同作战能力。</p>\n<p>广州日报全媒体文字记者：于敢勇 通讯员：米果 王丽</p>\n<p>广州日报全媒体图片记者：于敢勇</p>\n<p>广州日报全媒体编辑 王其琪</p>', '省三防办、肇庆市政府举行2019年灾难处置联合应急演练', '大洋网', '何承翰', NULL, 'reviewed', '429743851872464896.jpg', '2020-01-17 11:06:35', NULL, b'0', '2020-02-25 18:10:15', 'Hocassian');
INSERT INTO `client_article` VALUES ('423262993716097024', '<p>12月15日，肇庆市民期待已久的肇庆市儿童公园项目动工仪式在鼎湖区举行，这标志着肇庆市委、市政府实施的重大利民惠民工程&mdash;&mdash;肇庆市儿童公园正式进入全面动工的快车道，项目计划于2020年6月1日前建成对外开放。</p>\r\n<p><img style=\"display: block; margin-left: auto; margin-right: auto;\" src=\"https://migotimes.com/file/429739918454173696.png\" /></p>\r\n<div>&nbsp;</div>\r\n<div><img style=\"display: block; margin-left: auto; margin-right: auto;\" src=\"https://note.youdao.com/yws/public/resource/ab5072131ccdafc56aa545be30bc1718/xmlnote/55931F77AC464A03BC19C4A6A34DF6F0/15123\" alt=\"\" data-media-type=\"image\" data-original=\"https://note.youdao.com/yws/public/resource/ab5072131ccdafc56aa545be30bc1718/xmlnote/55931F77AC464A03BC19C4A6A34DF6F0/15123\" /></div>\r\n<div>&nbsp;</div>\r\n<div>肇庆市领导徐金华、鼎湖区领导陈宇航、刘运通等鼎湖区四套班子成员和部分肇庆市直部门领导、鼎湖区直部门领导共200多人参加项目动工仪式。肇庆市、鼎湖区领导和6名儿童代表共同启动肇庆市儿童公园项目建设。</div>\r\n<div>&nbsp;</div>\r\n<div>\r\n<div><img style=\"display: block; margin-left: auto; margin-right: auto;\" src=\"https://note.youdao.com/yws/public/resource/ab5072131ccdafc56aa545be30bc1718/xmlnote/A14EE37CB9C541A783E86A16B69A0D1F/15124\" alt=\"\" data-media-type=\"image\" data-original=\"https://note.youdao.com/yws/public/resource/ab5072131ccdafc56aa545be30bc1718/xmlnote/A14EE37CB9C541A783E86A16B69A0D1F/15124\" /></div>\r\n<div>&nbsp;</div>\r\n<div style=\"text-align: center;\">肇庆市、鼎湖区领导和6名儿童代表共同启动肇庆市儿童公园项目建设</div>\r\n<div>&nbsp;</div>\r\n<div><img style=\"display: block; margin-left: auto; margin-right: auto;\" src=\"https://note.youdao.com/yws/public/resource/ab5072131ccdafc56aa545be30bc1718/xmlnote/D2BB323A6B014304950C04923C37E64E/15141\" alt=\"\" data-media-type=\"image\" data-original=\"https://note.youdao.com/yws/public/resource/ab5072131ccdafc56aa545be30bc1718/xmlnote/D2BB323A6B014304950C04923C37E64E/15141\" /></div>\r\n<div>&nbsp;</div>\r\n<div>&nbsp;</div>\r\n<div><img style=\"display: block; margin-left: auto; margin-right: auto;\" src=\"https://note.youdao.com/yws/public/resource/ab5072131ccdafc56aa545be30bc1718/xmlnote/E45D2698FEA64CCCB10843BE4241C5BA/15126\" alt=\"\" data-media-type=\"image\" data-original=\"https://note.youdao.com/yws/public/resource/ab5072131ccdafc56aa545be30bc1718/xmlnote/E45D2698FEA64CCCB10843BE4241C5BA/15126\" /></div>\r\n<div>&nbsp;</div>\r\n<div style=\"text-align: center;\">肇庆市儿童公园项目选址于鼎湖区下湾湿地片区，总投资23008.02万元，占地面积188亩（约125383 平方米），项目将结合周边生态、人文等要素，进一步突出&ldquo;自然生态、科普文化、亲子交流、体验参与&rdquo;主题，着力打造一个公益主导、特色鲜明、趣味多彩、绿色安全的主题儿童公园。项目建成后按需求设置9个功能区，分别是客服中心区、盛世荷香区、森林探险区、欢乐戏水区、云际穿梭区、梦幻沙滩区、湿地科普区、滑板运动区、生态休闲区。</div>\r\n<div style=\"text-align: center;\">&nbsp;</div>\r\n<div style=\"text-align: center;\"><img style=\"display: block; margin-left: auto; margin-right: auto;\" src=\"https://note.youdao.com/yws/public/resource/ab5072131ccdafc56aa545be30bc1718/xmlnote/CE961AD58E584E51B6DF0F6C47F1641A/15127\" alt=\"\" data-media-type=\"image\" data-original=\"https://note.youdao.com/yws/public/resource/ab5072131ccdafc56aa545be30bc1718/xmlnote/CE961AD58E584E51B6DF0F6C47F1641A/15127\" /></div>\r\n<div style=\"text-align: center;\"><img style=\"display: block; margin-left: auto; margin-right: auto;\" src=\"https://note.youdao.com/yws/public/resource/ab5072131ccdafc56aa545be30bc1718/xmlnote/AFDDAFB99B9B442692DE40FC0CD1A0CD/15129\" alt=\"\" data-media-type=\"image\" data-original=\"https://note.youdao.com/yws/public/resource/ab5072131ccdafc56aa545be30bc1718/xmlnote/AFDDAFB99B9B442692DE40FC0CD1A0CD/15129\" /></div>\r\n<div style=\"text-align: center;\"><img style=\"display: block; margin-left: auto; margin-right: auto;\" src=\"https://note.youdao.com/yws/public/resource/ab5072131ccdafc56aa545be30bc1718/xmlnote/F3D081960E354A079EAB1349BA7C9D16/15128\" alt=\"\" data-media-type=\"image\" data-original=\"https://note.youdao.com/yws/public/resource/ab5072131ccdafc56aa545be30bc1718/xmlnote/F3D081960E354A079EAB1349BA7C9D16/15128\" /></div>\r\n<div style=\"text-align: center;\"><img style=\"display: block; margin-left: auto; margin-right: auto;\" src=\"https://note.youdao.com/yws/public/resource/ab5072131ccdafc56aa545be30bc1718/xmlnote/98EA1E7187704E378DD8BF287BBDA850/15130\" alt=\"\" data-media-type=\"image\" data-original=\"https://note.youdao.com/yws/public/resource/ab5072131ccdafc56aa545be30bc1718/xmlnote/98EA1E7187704E378DD8BF287BBDA850/15130\" /></div>\r\n<div style=\"text-align: center;\"><img style=\"display: block; margin-left: auto; margin-right: auto;\" src=\"https://note.youdao.com/yws/public/resource/ab5072131ccdafc56aa545be30bc1718/xmlnote/37E619F57FBE41F18D152C4BD2A0B25E/15131\" alt=\"\" data-media-type=\"image\" data-original=\"https://note.youdao.com/yws/public/resource/ab5072131ccdafc56aa545be30bc1718/xmlnote/37E619F57FBE41F18D152C4BD2A0B25E/15131\" /></div>\r\n<div style=\"text-align: center;\"><img style=\"display: block; margin-left: auto; margin-right: auto;\" src=\"https://note.youdao.com/yws/public/resource/ab5072131ccdafc56aa545be30bc1718/xmlnote/71168B4B00D245CC84D9A3F5C45E08A8/15132\" alt=\"\" data-media-type=\"image\" data-original=\"https://note.youdao.com/yws/public/resource/ab5072131ccdafc56aa545be30bc1718/xmlnote/71168B4B00D245CC84D9A3F5C45E08A8/15132\" /></div>\r\n<div style=\"text-align: center;\">&nbsp;</div>\r\n<div>启动谋划建设肇庆市儿童公园以来，鼎湖区作为项目建设和管理运营的主体，鼎湖区委、区政府以高度的政治责任感，主动担当作为，按照&ldquo;高起点规划、高标准建设、全流程监管、科学运营管理&rdquo;理念谋划推进项目建设。这一项目的建设将有效解决目前肇庆市儿童公园配套的历史欠账，填补肇庆缺乏大型综合性儿童公园的空白，为全市少年儿童带来一个全新、趣味多彩、绿色安全的高标准大型综合性儿童主题乐园，对全市打造宜居宜业宜游高品质新都市、推进建设全域旅游示范区、推进全市少年儿童事业发展、提升市民群众归属感幸福感具有重要的促进作用。</div>\r\n<div>&nbsp;</div>\r\n<div><img style=\"display: block; margin-left: auto; margin-right: auto;\" src=\"https://note.youdao.com/yws/public/resource/ab5072131ccdafc56aa545be30bc1718/xmlnote/DD28461D75694A64B41623CF8DE4A050/15133\" alt=\"\" data-media-type=\"image\" data-original=\"https://note.youdao.com/yws/public/resource/ab5072131ccdafc56aa545be30bc1718/xmlnote/DD28461D75694A64B41623CF8DE4A050/15133\" /></div>\r\n<div>&nbsp;</div>\r\n<div>鼎湖区委常委、区政府常务副区长杨坤在致辞中表示：鼎湖区委、区政府将一如既往地支持项目建设，全力做好各项协调保障和服务工作，项目施工方要严格按照项目规划设计要求，优质、高效、安全组织工程建设。坚信在大家的共同努力下，肇庆市儿童公园一定能够在明年&ldquo;六一&rdquo;儿童节开园，为全市少年儿童献上一份儿童节&ldquo;大礼&rdquo;。</div>\r\n<div>&nbsp;</div>\r\n<div><img style=\"display: block; margin-left: auto; margin-right: auto;\" src=\"https://note.youdao.com/yws/public/resource/ab5072131ccdafc56aa545be30bc1718/xmlnote/0C8ED5FCE9D44D139A3378BC84D9CAB7/15134\" alt=\"\" data-media-type=\"image\" data-original=\"https://note.youdao.com/yws/public/resource/ab5072131ccdafc56aa545be30bc1718/xmlnote/0C8ED5FCE9D44D139A3378BC84D9CAB7/15134\" /></div>\r\n<div>&nbsp;</div>\r\n<div>在动工仪式上，肇庆市儿童公园公众号同步正式上线，肇庆市政协副主席徐金华为肇庆市儿童公园微信公众号发出第一条推文。</div>\r\n<div>&nbsp;</div>\r\n<div>肇庆儿童公园微信公众号是肇庆市儿童公园官方微信公众号，是广大市民了解肇庆市儿童公园建设进度和公园日后管理运营的权威平台，是公园对外宣传的窗口，也是为民众和家长提供公园最新资讯和公众服务入口的平台。</div>\r\n<div>&nbsp;</div>\r\n<div>肇庆儿童公园公众号由腾讯大粤网团队代运营。目前肇庆儿童公园公众号设置了&ldquo;H5导览&rdquo;、&ldquo;我在成长&rdquo;、&ldquo;期待开园&rdquo;三个栏目。</div>\r\n<div>&nbsp;</div>\r\n<div><img style=\"display: block; margin-left: auto; margin-right: auto;\" src=\"https://note.youdao.com/yws/public/resource/ab5072131ccdafc56aa545be30bc1718/xmlnote/7F9A82E624E7455EA66978D15A74FE40/15135\" alt=\"\" data-media-type=\"image\" data-original=\"https://note.youdao.com/yws/public/resource/ab5072131ccdafc56aa545be30bc1718/xmlnote/7F9A82E624E7455EA66978D15A74FE40/15135\" /></div>\r\n<div>&nbsp;</div>\r\n<div>&ldquo;H5导览&rdquo;，以导览图的形式为市民提供导览，介绍公园的设施和情况。</div>\r\n<div>&nbsp;</div>\r\n<div><img style=\"display: block; margin-left: auto; margin-right: auto;\" src=\"https://note.youdao.com/yws/public/resource/ab5072131ccdafc56aa545be30bc1718/xmlnote/7E2F566FEF7948FE9CF10B431DA40288/15137\" alt=\"\" data-media-type=\"image\" data-original=\"https://note.youdao.com/yws/public/resource/ab5072131ccdafc56aa545be30bc1718/xmlnote/7E2F566FEF7948FE9CF10B431DA40288/15137\" /></div>\r\n<div>&nbsp;</div>\r\n<div>&ldquo;我在成长&rdquo;，重点发布项目建设重要节点推进情况。展示肇庆市儿童公园规划建设进展情况。</div>\r\n<div>&nbsp;</div>\r\n<div><img style=\"display: block; margin-left: auto; margin-right: auto;\" src=\"https://note.youdao.com/yws/public/resource/ab5072131ccdafc56aa545be30bc1718/xmlnote/3EB40D26067849ECA00077A9018613C3/15136\" alt=\"\" data-media-type=\"image\" data-original=\"https://note.youdao.com/yws/public/resource/ab5072131ccdafc56aa545be30bc1718/xmlnote/3EB40D26067849ECA00077A9018613C3/15136\" /></div>\r\n<div>&nbsp;</div>\r\n<div>&ldquo;期待开园&rdquo;，发布肇庆市儿童公园举办的&ldquo;我梦想中的儿童公园&rdquo;美术摄影、影视作品征集大赛等相关的活动及动态，设置活动报名通道等 。</div>\r\n<div>&nbsp;</div>\r\n<div><img style=\"display: block; margin-left: auto; margin-right: auto;\" src=\"https://note.youdao.com/yws/public/resource/ab5072131ccdafc56aa545be30bc1718/xmlnote/63E1E39934704CE0854A595F80E24625/15138\" alt=\"\" data-media-type=\"image\" data-original=\"https://note.youdao.com/yws/public/resource/ab5072131ccdafc56aa545be30bc1718/xmlnote/63E1E39934704CE0854A595F80E24625/15138\" /></div>\r\n<div><img style=\"display: block; margin-left: auto; margin-right: auto;\" src=\"https://note.youdao.com/yws/public/resource/ab5072131ccdafc56aa545be30bc1718/xmlnote/B5FC7A96BB0C4203B157A39EC919F8DB/15139\" alt=\"\" data-media-type=\"image\" data-original=\"https://note.youdao.com/yws/public/resource/ab5072131ccdafc56aa545be30bc1718/xmlnote/B5FC7A96BB0C4203B157A39EC919F8DB/15139\" /></div>\r\n<div>&nbsp;</div>\r\n<div>公园开园后还将增设公园导览、公园服务、公园活动、科普学堂、亲子乐园等栏目。</div>\r\n<div>作为公园的官方发布平台，肇庆市儿童公园微信公众号的正式上线意味着肇庆市民迈向儿童公园的脚步越来越近了。</div>\r\n<div>&nbsp;</div>\r\n<div><img style=\"display: block; margin-left: auto; margin-right: auto;\" src=\"https://note.youdao.com/yws/public/resource/ab5072131ccdafc56aa545be30bc1718/xmlnote/628664F15D0F4A00A1AB6AD842D25FC4/15140\" alt=\"\" data-media-type=\"image\" data-original=\"https://note.youdao.com/yws/public/resource/ab5072131ccdafc56aa545be30bc1718/xmlnote/628664F15D0F4A00A1AB6AD842D25FC4/15140\" /></div>\r\n<div>&nbsp;</div>\r\n<div>&nbsp;</div>\r\n<div><span style=\"color: #7e8c8d;\">长按二维码，关注肇庆儿童公园公众号</span></div>\r\n<div><span style=\"color: #7e8c8d;\">图、文、编辑：腾讯大粤网肇庆</span></div>\r\n</div>', '期待有爱的你，见证儿童公园的诞生！', '肇庆市儿童公园编辑部', '何承翰', NULL, 'reviewed', '429741683618623488.jpg', '2020-02-07 20:57:07', NULL, b'0', '2020-02-25 18:01:11', 'Hocassian');
INSERT INTO `client_article` VALUES ('427103665543983104', '<p>在全国众志成城抗击疫情的特殊时期，肇庆市的文艺工作者们也在积极行动，在肇庆市文联的组织发动下，用文艺战&ldquo;疫&rdquo; ，文艺传情，在短短10天时间里，迅速创作出了4152件抗击疫情的文艺作品，向抗击疫情一线的工作人员致敬，传播防疫知识，为抗击疫情加油鼓劲，凝聚&ldquo;抗疫&rdquo;力量。</p>\n<p><img style=\"display: block; margin-left: auto; margin-right: auto;\" src=\"http://localhost:9090/file/429732662471831552.png\" width=\"528\" height=\"434\" /></p>\n<p style=\"margin: 0px; padding: 0px; max-width: 100%; clear: both; min-height: 1em; color: #333333; font-family: -apple-system-font, BlinkMacSystemFont, \'Helvetica Neue\', \'PingFang SC\', \'Hiragino Sans GB\', \'Microsoft YaHei UI\', \'Microsoft YaHei\', Arial, sans-serif; font-size: 17px; letter-spacing: 0.544px; background-color: #ffffff; text-align: center; box-sizing: border-box !important; overflow-wrap: break-word !important;\"><span style=\"margin: 0px; padding: 0px; max-width: 100%; caret-color: #595959; color: #595959; font-family: Arial, \'hiragino sans gb\', \'microsoft yahei ui\', \'microsoft yahei\', simsun, sans-serif; font-size: 14px; letter-spacing: 0.544px; box-sizing: border-box !important; overflow-wrap: break-word !important;\">广宁县文联作品：剪纸《逆行者》（作者：杨群金）</span></p>\n<p style=\"margin: 0px; padding: 0px; max-width: 100%; clear: both; min-height: 1em; letter-spacing: 0.544px; text-align: justify; font-size: 14px; font-family: DengXian; caret-color: #000000; text-indent: 45px; line-height: 37px; background-color: white; box-sizing: border-box !important; overflow-wrap: break-word !important;\">&nbsp;</p>\n<p style=\"margin: 0px; padding: 0px; max-width: 100%; clear: both; min-height: 1em; letter-spacing: 0.544px; font-size: 14px; font-family: DengXian; caret-color: #000000; text-indent: 45px; line-height: 37px; background-color: white; box-sizing: border-box !important; overflow-wrap: break-word !important;\"><img style=\"display: block; margin-left: auto; margin-right: auto;\" src=\"http://localhost:9090/file/429732869578174464.png\" width=\"544\" height=\"424\" /></p>\n<p style=\"text-align: center;\"><span style=\"font-size: 10pt;\">肇庆市社科联作品：《坚定信心》（作者：朱英中）</span></p>\n<p style=\"text-align: center;\"><img style=\"display: block; margin-left: auto; margin-right: auto;\" src=\"http://localhost:9090/file/429734677260283904.png\" width=\"453\" height=\"438\" /></p>\n<p style=\"text-align: center;\">肇庆市社科联作品：《同舟共济》（作者：朱英中）</p>\n<p style=\"text-align: center;\"><img src=\"http://localhost:9090/file/429734812409147392.png\" width=\"479\" height=\"469\" /></p>\n<p style=\"text-align: center;\">肇庆市社科联作品：《精准施策》（作者：朱英中）</p>\n<p style=\"text-align: center;\"><img src=\"http://localhost:9090/file/429736785778847744.png\" width=\"703\" height=\"198\" /></p>\n<p style=\"text-align: center;\">肇庆市社科联作品：《家国情》（作者：朱英中）</p>\n<p style=\"text-align: center;\"><img src=\"http://localhost:9090/file/429736939609141248.png\" width=\"589\" height=\"1136\" /></p>\n<p style=\"text-align: center;\">肇庆市文艺批评家协会 作者：叶和坚 录写毛泽东七律《送瘟神》书作，献给奋战在抗击疫情一线工作人员</p>\n<p style=\"text-align: center;\">&nbsp;</p>\n<p><strong>截止2月7日，肇庆市文联共收集作品4152件：</strong></p>\n<p>创作原创抗击疫情歌曲50首。制作美术等宣传品211件。创作书法作品及宣传标语3412件作品。创作诗词、散文作品422首。采用剪纸、快板、健身舞、朗诵、快板多形式创作抗疫情作品38首。记录肇庆市抗击疫情真实画面的摄影作品19幅。</p>\n<p><img style=\"display: block; margin-left: auto; margin-right: auto;\" src=\"http://localhost:9090/file/429737303263686656.png\" width=\"516\" height=\"319\" /></p>\n<p style=\"text-align: center;\">怀集县凤岗镇中心小学作品：水彩画《请战》（系列）之一（作者：莫谦）</p>\n<p style=\"text-align: center;\"><img src=\"http://localhost:9090/file/429737400403767296.png\" width=\"510\" height=\"339\" /></p>\n<p style=\"text-align: center;\">怀集县凤岗镇中心小学作品：速写《请战》（系列）之二（作者：莫谦）</p>\n<p style=\"text-align: center;\">&nbsp;</p>\n<p style=\"text-align: center;\"><img src=\"http://localhost:9090/file/429737490149289984.png\" width=\"566\" height=\"396\" /></p>\n<p style=\"text-align: center;\">怀集县凤岗镇中心小学作品：速写《请战》（系列）之三（作者：莫谦）</p>\n<p style=\"text-align: center;\"><img src=\"http://localhost:9090/file/429737706579570688.png\" width=\"540\" height=\"481\" /></p>\n<p style=\"text-align: center;\">肇庆市美协作品：《众志成城》（作者&nbsp; 魏义和）</p>\n<p style=\"text-align: center;\"><img src=\"http://localhost:9090/file/429737778939703296.png\" width=\"589\" height=\"1097\" /></p>\n<p style=\"text-align: center;\">肇庆市美协作品：《天佑中华，武汉坚强》（作者：陈达潮）</p>\n<p style=\"text-align: center;\"><img src=\"http://localhost:9090/file/429737851828318208.png\" width=\"393\" height=\"529\" /></p>\n<p style=\"text-align: center;\">肇庆市树华美术作品：油画《坚守第一线》（作者：梁静）</p>\n<p>&nbsp;</p>\n<p><span style=\"font-size: 14pt;\"><strong>广宁县文联作品：</strong></span></p>\n<p>&nbsp;</p>\n<p style=\"text-align: center;\"><strong>万众一心战疫情（快板）</strong></p>\n<p style=\"text-align: center;\"><strong>&nbsp;</strong><strong>刘东荣</strong></p>\n<p style=\"text-align: center;\">（粤语白）各位市民，出街一定要戴口罩！</p>\n<p style=\"text-align: center;\">（广宁话白）各位村民，大家要做好防疫措施，呒去探亲戚朋友，度屋係最安全嘅！</p>\n<p style=\"text-align: center;\"><strong>（粤语快板）</strong></p>\n<p style=\"text-align: center;\">市民村民听我讲，</p>\n<p style=\"text-align: center;\">今年春节不寻常。</p>\n<p style=\"text-align: center;\">冠状病毒来势汹，</p>\n<p style=\"text-align: center;\">已扩散到东西南北中。</p>\n<p style=\"text-align: center;\">病毒凶猛唔使惊，</p>\n<p style=\"text-align: center;\">做好防范就安宁。</p>\n<p style=\"text-align: center;\">在家就係最安全，</p>\n<p style=\"text-align: center;\">有效阻隔病毒源。</p>\n<p style=\"text-align: center;\">千祈唔好到处跑，</p>\n<p style=\"text-align: center;\">有事出门要戴口罩。</p>\n<p style=\"text-align: center;\">探亲访友唔好去，</p>\n<p style=\"text-align: center;\">最怕大家会连累。</p>\n<p style=\"text-align: center;\">乜嘢聚会都要暂停，</p>\n<p style=\"text-align: center;\">人多容易传播疫情。</p>\n<p style=\"text-align: center;\">室内空气要流通，</p>\n<p style=\"text-align: center;\">保持整洁市容村容。</p>\n<p style=\"text-align: center;\">防寒保暖防感冒，</p>\n<p style=\"text-align: center;\">多的休息精神好。</p>\n<p style=\"text-align: center;\">讲卫生，勤洗手，</p>\n<p style=\"text-align: center;\">有关规定要遵守。</p>\n<p style=\"text-align: center;\">不信谣，不传谣，</p>\n<p style=\"text-align: center;\">相信先进医学来治疗。</p>\n<p style=\"text-align: center;\">（广宁话）</p>\n<p style=\"text-align: center;\">麻痹大意好危险，</p>\n<p style=\"text-align: center;\">侥幸心理容易中箭。</p>\n<p style=\"text-align: center;\">你呒&ldquo;豆皮婆唔信镜&rdquo;</p>\n<p style=\"text-align: center;\">你呒&ldquo;塘虱魚包坳颈&rdquo;</p>\n<p style=\"text-align: center;\">大家思想呒放松，</p>\n<p style=\"text-align: center;\">做足预防冇病痛。</p>\n<p style=\"text-align: center;\">身体健康最紧要，</p>\n<p style=\"text-align: center;\">阖家平安哈哈笑。</p>\n<p style=\"text-align: center;\">广宁人民有决心，</p>\n<p style=\"text-align: center;\">严防死守病毒根。</p>\n<p style=\"text-align: center;\">做好&ldquo;三包三隔离&rdquo;措施，</p>\n<p style=\"text-align: center;\">做到&ldquo;群防、群控和群治&rdquo;。</p>\n<p style=\"text-align: center;\">（粤语）</p>\n<p style=\"text-align: center;\">举国上下齐动员，</p>\n<p style=\"text-align: center;\">万民同心意志坚。</p>\n<p style=\"text-align: center;\">大爱无彊献力量，</p>\n<p style=\"text-align: center;\">一方有难八方帮忙。</p>\n<p style=\"text-align: center;\">有党英明来领导，</p>\n<p style=\"text-align: center;\">任何险阻也吓不倒。</p>\n<p style=\"text-align: center;\">抗击疫情定获全胜，</p>\n<p style=\"text-align: center;\">祖国昌盛更繁荣！</p>\n<p style=\"text-align: center;\">祖国昌盛更―繁―荣！</p>\n<p style=\"text-align: center;\">&nbsp;</p>\n<p><img style=\"display: block; margin-left: auto; margin-right: auto;\" src=\"http://localhost:9090/file/429738245509885952.png\" width=\"513\" height=\"725\" /></p>\n<p>&nbsp;</p>\n<p><img style=\"display: block; margin-left: auto; margin-right: auto;\" src=\"http://localhost:9090/file/429738301235408896.png\" width=\"593\" height=\"874\" /></p>\n<p>&nbsp;</p>\n<p><strong><span style=\"font-size: 14pt;\">肇庆星岩书院诗词作品4首：</span></strong></p>\n<p>&nbsp;</p>\n<p style=\"text-align: center;\"><strong>战瘟神、再赞钟南山院士&nbsp;</strong></p>\n<p style=\"text-align: center;\">作者：彭海祥&nbsp;</p>\n<p style=\"text-align: center;\">江城鼠岁染沉疴，院士南山究奈何。</p>\n<p style=\"text-align: center;\">赤胆忠心呈大勇，豪情壮志谱新歌。</p>\n<p style=\"text-align: center;\">灭瘟控疫无休止，救死扶伤有爱河。</p>\n<p style=\"text-align: center;\">千里出征惩恶虎，九州亮剑斩妖魔。</p>\n<p style=\"text-align: center;\">注：江城是武汉的别称</p>\n<p style=\"text-align: center;\">&nbsp;</p>\n<p style=\"text-align: center;\"><strong>临江仙&nbsp;&middot;&nbsp;正月初十喜雨寄情&nbsp;</strong></p>\n<p style=\"text-align: center;\">作者：谢远谋&nbsp;</p>\n<p style=\"text-align: center;\">不信天涯咫尺，偏生水棹山梯。</p>\n<p style=\"text-align: center;\">归鸿难续恨风迟。&nbsp;</p>\n<p style=\"text-align: center;\">低头长痛就，八九在分离。</p>\n<p style=\"text-align: center;\">最喜弄潮图浪，奈何暮瘴朝晞。</p>\n<p style=\"text-align: center;\">更初喜报过西堤。&nbsp;</p>\n<p style=\"text-align: center;\">一宵豪雨透，万物复生机。</p>\n<p style=\"text-align: center;\"><strong>&nbsp;</strong></p>\n<p style=\"text-align: center;\"><strong>&nbsp;</strong></p>\n<p style=\"text-align: center;\"><strong>送肇庆医护队伍驰援武汉&nbsp;</strong></p>\n<p style=\"text-align: center;\">作者：夏绮红&nbsp;</p>\n<p style=\"text-align: center;\">孰料新春起一惊，风传厉瘴困江城。</p>\n<p style=\"text-align: center;\">仁医请命纾危难，虎旅先行举旆旌。</p>\n<p style=\"text-align: center;\">节义从来身抱守，精忠直见爱分明。</p>\n<p style=\"text-align: center;\">都期雾散霾开日，国运民生唱大兴。</p>\n<p style=\"text-align: center;\"><strong>&nbsp;</strong></p>\n<p style=\"text-align: center;\"><strong>雪润山河&nbsp;</strong></p>\n<p style=\"text-align: center;\">作者：梁桂香&nbsp;</p>\n<p style=\"text-align: center;\">从没有一种黑&nbsp;</p>\n<p style=\"text-align: center;\">让人如此恐慌&nbsp;</p>\n<p style=\"text-align: center;\">从没有一种白&nbsp;</p>\n<p style=\"text-align: center;\">让人如此震撼&nbsp;</p>\n<p style=\"text-align: center;\">当我看到你出行前&nbsp;</p>\n<p style=\"text-align: center;\">按下那枚殷红的手印&nbsp;</p>\n<p style=\"text-align: center;\">如傲雪寒梅&nbsp;</p>\n<p style=\"text-align: center;\">在白纸黑字中绽放&nbsp;</p>\n<p style=\"text-align: center;\">那义无反顾&nbsp;</p>\n<p style=\"text-align: center;\">赶赴战场的脚步&nbsp;</p>\n<p style=\"text-align: center;\">前线忙碌的身影&nbsp;</p>\n<p style=\"text-align: center;\">那眼含泪水&nbsp;</p>\n<p style=\"text-align: center;\">咬紧牙关的八旬老人&nbsp;</p>\n<p style=\"text-align: center;\">我仿佛看到岁月深处&nbsp;</p>\n<p style=\"text-align: center;\">最大的一场雪&nbsp;</p>\n<p style=\"text-align: center;\">雪压冬云&nbsp;</p>\n<p style=\"text-align: center;\">排山倒海般覆盖、融化</p>\n<p style=\"text-align: center;\">清洗那片被污染的大地</p>\n<p style=\"text-align: center;\">雪润山河&nbsp;</p>\n<p style=\"text-align: center;\">春天来了&nbsp;</p>\n<p style=\"text-align: center;\">白云擦拭过的蓝天&nbsp;</p>\n<p style=\"text-align: center;\">特别明亮清朗&nbsp;</p>\n<p style=\"text-align: center;\">太阳慢慢升起希望</p>\n<p style=\"text-align: center;\">&nbsp;</p>\n<p>在肇庆文艺网、肇庆文明网开设《&ldquo;鼓舞斗志 共抗疫情&rdquo;专栏》刊登和展播作品，目前已刊播10期。在学习强国平台、南方日报、南方都市报、羊城晚报、广州日报、腾讯新闻、肇庆发布、西江日报、西江网、肇庆电台、肇庆电视台、肇庆手机台、肇庆文明网、肇庆文艺网等10多个主流媒体、网站、官方微信公众号、手机客户端广泛进行了宣传报道。市动漫协会设计的漫画宣传品、3D动漫宣传片和市书法家协会的书法标语广泛用于肇庆单位、社区、村居等场所宣传。肇庆原创歌曲《爸爸我唔怕》《武汉加油》和说唱音乐小视频《抗新冠肺炎》成为网络及肇庆户外大荧幕热播的视频。</p>', '肇庆文艺战“疫”，凝聚“抗疫”力量！', '米果传媒', '何承翰', NULL, 'reviewed', '429738727540273152.jpg', '2020-02-18 11:18:35', NULL, b'0', '2020-03-17 15:30:01', 'Hocassian');
INSERT INTO `client_article` VALUES ('427937636519522304', '<p>2月18日下午，肇庆市青年企业家协会和腾讯大粤网肇庆(米果传媒)联合向肇庆市志愿者联合会捐赠抗疫物资交接仪式在市志愿者联合会办事处举行，共青团肇庆市委书记唐莹、副书记廖明生等领导以及肇庆市青年企业家协会常务副会长、腾讯大粤网肇庆运营中心总经理何晶明参加活动。</p>\n<section style=\"text-align: center; margin-top: 10px; margin-bottom: 10px;\">\n<section style=\"border-width: 2px; border-bottom-style: solid; border-color: #c23421; display: inline-block; box-sizing: border-box;\">\n<section style=\"display: flex; justify-content: center; align-items: flex-end;\">\n<p style=\"letter-spacing: 2px;\"><span style=\"color: #c23421; font-size: 16px;\"><strong>抗击疫情我们在行动</strong></span></p>\n</section>\n</section>\n</section>\n<p>&nbsp;</p>\n<p>据悉，目前，市场上的口罩仍处于紧缺状态。在了解到身处抗疫前线的我市志愿者也十分缺少口罩这一情况后，肇庆市青企协和腾讯大粤网肇庆（米果传媒）特地组织了口罩等物资解前线燃眉之急。此次共捐赠<strong>口罩1000个</strong>和<strong>消毒液、食品一批</strong>。市志愿者联合会负责人介绍，这批口罩将发放给在城区各交通要道执勤的<strong>志愿者</strong>，消毒液将分发到<strong>相关社区</strong>使用。</p>\n<p>&nbsp;</p>\n<p><img style=\"display: block; margin-left: auto; margin-right: auto;\" src=\"http://localhost:9090/file/429662722943365120.png\" /></p>\n<p><img style=\"display: block; margin-left: auto; margin-right: auto;\" src=\"http://localhost:9090/file/429662791981608960.png\" /></p>\n<p>肇庆市青年企业家协会和腾讯大粤网肇庆（米果传媒）负责人表示，将继续发扬&ldquo;<strong>党有号召，团有行动</strong>&rdquo;的优良传统，<strong>为打赢新冠肺炎疫情防控阻击战贡献青春力量。</strong></p>\n<p>&nbsp;</p>\n<p><strong><img style=\"display: block; margin-left: auto; margin-right: auto;\" src=\"http://localhost:9090/file/429662955257475072.png\" /></strong></p>\n<p>&nbsp;</p>', '肇庆市青企协、大粤网肇庆向一线抗疫志愿者捐赠口罩等紧缺物资！', '米果传媒', '何承翰', NULL, 'reviewed', '429663086329475072.jpg', '2020-02-20 18:32:29', NULL, b'0', '2020-02-29 01:08:47', NULL);
INSERT INTO `client_article` VALUES ('427937788164583424', '<p>这几天，气温骤降，我们迎来了2020年的首次寒潮。当疫情与寒潮相遇，人们的心情似乎与天空的颜色一样，更暗淡了几分。这时候，或许只有一桌热气腾腾的、香味扑鼻的可口饭菜，能够驱散人们的坏情绪，让人心情明朗。</p>\n<p>寒潮即将退去，太阳终将出来，春天只会更加温暖。等到春暖花开之日，我想约上三五好友，在肇庆街头、山水之中，寻觅那让人垂涎欲滴的特色美食，重新体验一把年轻人&ldquo;逛吃逛吃&rdquo;的快感。</p>\n<p><img class=\"_2pXgak5v8oUN3AADfbu6QU\" style=\"display: block; margin-left: auto; margin-right: auto;\" src=\"http://inews.gtimg.com/newsapp_bt/0/11352437247/641\" alt=\"图片\" /></p>\n<p>柊叶几片，糯米两勺，去皮绿豆一勺，腌制五花肉若干，馅料按序包入柊叶，再以水草捆扎，放入锅中。金字塔状的裹蒸,经过近十个小时的蒸煮，原本绿油的柊叶已经变得暗黄，但包裹其中的食材却已完全融合。打开热气腾腾的裹蒸，柊叶那股独特的清新香气扑鼻而来，轻轻咬上一口，糯米、绿豆和五花肉的绵软，仿佛能让人瞬间满足、心感愉悦。</p>\n<p><img class=\"_2pXgak5v8oUN3AADfbu6QU\" style=\"display: block; margin-left: auto; margin-right: auto;\" src=\"http://inews.gtimg.com/newsapp_bt/0/11352448077/641\" alt=\"图片\" /></p>\n<p>将优质粘米浸泡软化，放入石磨中磨成米浆，米浆中加入花生、芝麻、虾仁、猪肉，或是其它食材，便可在铁撑中薄薄铺开，开火蒸煮。五分钟一层米浆，叠加至40层，每一层都像是疍家文化的沉淀。刚刚出炉的疍家糕冒着热气，还不能立马脱模，等热气散去，糕体凝固，便可取下切块。这时候吃上一口，软糯、鲜甜，口感丰富，口腔充满米香。</p>\n<p><img class=\"_2pXgak5v8oUN3AADfbu6QU\" style=\"display: block; margin-left: auto; margin-right: auto;\" src=\"http://inews.gtimg.com/newsapp_bt/0/11352453128/641\" alt=\"图片\" /></p>\n<p>素有&ldquo;鱼中之王&rdquo;美誉的麦溪鲤全身粉白，味道鲜美，最宜清蒸。清蒸麦溪鲤无需添放葱姜和酱油，只需撒上点盐，放少许陈皮丝即可。蒸熟的鱼肉嫩而不生，鲜而不腥，筷子一触碰鱼身，便肉骨分离。轻尝一口，切齿即化，鲜甜如蜜，甘香如兰。</p>\n<p><img class=\"_2pXgak5v8oUN3AADfbu6QU\" style=\"display: block; margin-left: auto; margin-right: auto;\" src=\"http://inews.gtimg.com/newsapp_bt/0/11352462651/641\" alt=\"图片\" /></p>\n<p>选取鼎湖山上最好的&ldquo;三菇六耳&rdquo;：冬菇、草菇、蘑菇，雪耳、木耳、云耳、榆耳、砂耳、桂花耳，以及其他素菜，清水洗净，逐一煨制，再加上鼎湖山泉，猛火以炆之。食材熟透后按序夹取，拼砌成&ldquo;山&rdquo;，芡汁淋于&ldquo;山&rdquo;上，色调雅丽，层次分明。食时清新香甜、鲜嫩爽滑，不失为素菜上品。</p>\n<p><img class=\"_2pXgak5v8oUN3AADfbu6QU\" style=\"display: block; margin-left: auto; margin-right: auto;\" src=\"http://inews.gtimg.com/newsapp_bt/0/11352469184/641\" alt=\"图片\" /></p>\n<p>热锅中倒入用&ldquo;野生茶油果&rdquo;制成的茶油，配以料酒将鸡肉下锅翻炒。高温之下，营养健康的茶油慢慢渗透到鸡肉当中，将鸡肉原有的鲜味&ldquo;逼出来&rdquo;。经茶油烹煮后的鸡肉不焦不烂，色泽金黄的鸡皮下，鸡肉紧致而有弹性，吃上一口便能让人欲罢不能。</p>\n<p><img class=\"_2pXgak5v8oUN3AADfbu6QU\" style=\"display: block; margin-left: auto; margin-right: auto;\" src=\"http://inews.gtimg.com/newsapp_bt/0/11352491911/641\" alt=\"图片\" /></p>\n<p>怀集桥头石山羊常年放养于喀斯特地貌的山林之中，以山泉为饮，以山草为食，体重适中、体质健壮、肉质鲜红细嫩，膻味少。切好的羊肉在爆香的姜蒜中焯干水分，再加入药材与自制酱料，焖煮40分钟，即可出锅。红焖石山羊肉熟不烂、入口清甜、鲜美可口，还富含药膳价值。</p>\n<p><img class=\"_2pXgak5v8oUN3AADfbu6QU\" style=\"display: block; margin-left: auto; margin-right: auto;\" src=\"http://inews.gtimg.com/newsapp_bt/0/11352496928/641\" alt=\"图片\" /></p>\n<p>柔韧的晚造糙米，经过山泉水一晚的浸泡，变得饱满丰盈。之后将其倒入石磨中，磨成顺滑的米浆。米浆经过几次&ldquo;冲撞&rdquo;，加入淀粉、油，在铁撑上薄薄地倒上一层，再放入锅中蒸熟。蒸熟的粉放到一条大碗粗的竹篙上晾凉，切条、浇汁，看着就让人垂涎。吃上一口，滑而不腻、爽口弹牙，淡淡的竹子清香、浓郁的米香和酱香充盈口齿之间。</p>\n<p><img class=\"_2pXgak5v8oUN3AADfbu6QU\" style=\"display: block; margin-left: auto; margin-right: auto;\" src=\"http://inews.gtimg.com/newsapp_bt/0/11352503096/641\" alt=\"图片\" /></p>\n<p>杏花鸡洗净后，放入开水中经过&ldquo;七上八下&rdquo;的温烫，让膛内温度与鸡肉表面一致。之后将整鸡放入开水中浸泡20分钟，熟透后捞出过冰河，便可切块蘸酱品尝。煮熟的杏花鸡表皮呈现光洁半透明的金黄色，鸡肉雪白、纤维细嫩，皮下和肌间脂肪分布均匀，蘸着葱姜酱料，一口下去，肉骨嫩滑、清香四溢、回味甘甜。</p>\n<p><img class=\"_2pXgak5v8oUN3AADfbu6QU\" style=\"display: block; margin-left: auto; margin-right: auto;\" src=\"http://inews.gtimg.com/newsapp_bt/0/11352509124/641\" alt=\"图片\" /></p>\n<p>&ldquo;四时皆有笋可食，其最佳者文笋。&rdquo;广宁是著名的&ldquo;中国竹子之乡&rdquo;，竹乡人民对吃文笋有自己独特的想法。紫苏、薄荷、蒜、豆豉爆香，加入五花腩炒至半熟，加水后把文笋放在上面炆二十分钟。勾芡起锅，一碟家乡名菜&mdash;&mdash;文笋炆猪肉，就呈现在眼前。广宁竹笋肉质细嫩、味道清甜，无论怎样烹制，仿佛都能品尝到春天的味道&mdash;&mdash;滋润、清新、甘甜。</p>\n<p>烹饪所花的努力，都是为了美食入口那刻的笑容。当寒潮散去，暖春来临，山河无恙，我们相约南国七星城，一起驾驶&ldquo;小火车&rdquo;，游逛于大街小巷，品尝万千美味，一起许下新的愿望。</p>\n<p>&nbsp;</p>\n<p><span style=\"color: #7e8c8d; font-size: 10pt;\">腾讯大粤网肇庆 实习编辑：陈钰</span></p>\n<p><span style=\"color: #7e8c8d; font-size: 10pt;\">部分图片由肇庆旅发委提供</span></p>', '待疫情退去，“小火车”立刻启动！我们相约七星肇庆，一起逛吃逛吃！', '陈钰', '何承翰', NULL, 'reviewed', '429658026434375680.jpg', '2020-02-20 18:33:05', NULL, b'0', '2020-02-29 01:08:47', NULL);
INSERT INTO `client_article` VALUES ('429743289919614976', '<p>2345没有一个冬天不会过去，没有一个春天不会到来。春和景明时，山河定无恙。那时，你最想去的地方是哪里？要我说，我会先把脚下这片土地再走一遍，去看青草吐绿万物生，去看车水马龙人来人往，去看城市喧嚣再起；去感受华灯初上，重现繁华的景象。我还要约上你，到粤港澳大湾区这座如诗如画的城市&mdash;&mdash;肇庆，把这些美景看个够...</p>\n<div><img src=\"http://pb3.pstatp.com/large/pgc-image/d36e2915793245ff9e6cf98404f6ddc3\" data-ic=\"false\" data-width=\"2480\" data-height=\"3508\" data-ic-uri=\"\" /></div>\n<p><strong>星湖旅游景区</strong></p>\n<p>芳菲三月，晴空万里，星湖百花齐放、花团锦簇，最是梦幻人间仙境！风吹紫荆树，色与春庭暮；白花似雪，粉花似霞；花海深处，让人沉醉不知归路。</p>\n<div class=\"pgc-img\"><img src=\"http://pb3.pstatp.com/large/pgc-image/91d58dfe65884ff9875499e74d26917a\" data-ic=\"false\" data-width=\"2480\" data-height=\"3508\" data-ic-uri=\"\" /></div>\n<p><strong>七星岩&ldquo;卧佛含丹&rdquo;</strong></p>\n<p>星湖边上，一尊巨大的&ldquo;卧佛&rdquo;仰卧于美丽的仙女湖之畔，头北足南，远观可瞻。每年春分、秋分前后，晴天时傍晚，可见夕阳西下，缓缓落入天然&ldquo;卧佛&rdquo;之上，犹如一尊卧佛含着红丹，遂形成神奇之天象奇观&mdash;&mdash;&ldquo;卧佛含丹&rdquo;。</p>\n<div class=\"pgc-img\"><img src=\"http://pb3.pstatp.com/large/pgc-image/0d40b8eaf8fd429096022c2bb0608507\" data-ic=\"false\" data-width=\"634\" data-height=\"888\" data-ic-uri=\"\" /></div>\n<p><strong>鼎湖山自然保护区</strong></p>\n<p>中国第一个自然保护区、我国首批加入联合国教科文组织人与生物圈计划的自然保护区。这里负离子含量丰富，是洗肺胜地。这里山清水秀，鸟语花香；层林叠翠，古木参天；飞瀑流泉，宛如世外桃源。踏遍青山人未老，风景这边独好，奇山异水，历史人文，更值得你来探一探！</p>\n<p>&nbsp;</p>\n<div class=\"pgc-img\"><img src=\"http://pb3.pstatp.com/large/pgc-image/438cc3f09b9f4ecf87016f2786b6a879\" data-ic=\"false\" data-width=\"2480\" data-height=\"3508\" data-ic-uri=\"\" /></div>\n<p><strong>肇庆市包公文化园</strong></p>\n<p>北宋名臣包拯曾在肇庆端州任知州三年，他清正廉洁、执政为民，其&ldquo;青天&rdquo;美名始于端州任上。他在肇庆留下的印记足够让这座城市&ldquo;刻骨铭心&rdquo;。 包公文化园集中、全面、系统地展示了&ldquo;包青天&rdquo;勤政为民、刚正不阿、铁面无私、清正廉明&rsquo;的风范和他的勤廉思想，传播了包公廉洁文化、清官文化。走进这里，让人沐浴清风，心灵得到洗涤。</p>\n<div class=\"pgc-img\"><img src=\"http://pb3.pstatp.com/large/pgc-image/6e4e90d7dc964261a4ab9ff7a01781de\" data-ic=\"false\" data-width=\"2480\" data-height=\"3508\" data-ic-uri=\"\" /></div>\n<p><strong>德庆孔庙</strong></p>\n<p>南国现存最古老、规模最大、最具特色之孔庙，大成殿、仰圣园为两大镇庙之宝。来此，接通至圣先师绵延万世之文脉，感受尊师孝亲、崇德立志、仁爱处世之儒学文化。</p>\n<div class=\"pgc-img\"><img src=\"http://pb3.pstatp.com/large/pgc-image/16a183d7183346d1a6ef815ddb924ccc\" data-ic=\"false\" data-width=\"2480\" data-height=\"3508\" data-ic-uri=\"\" /></div>\n<p><strong>肇庆新区体育中心</strong></p>\n<p>这是一座现代化的综合体育活动场馆，场馆整体设计新颖别致，紧扣&ldquo;全民健身中心&rdquo;的理念，既体现了肇庆新区的现代感、科技感，又突出了肇庆&ldquo;水墨砚都&rdquo;的地域特色。这里是肇庆新区的名片和城市客厅、全民健身中心，城市的新地标。</p>\n<div class=\"pgc-img\"><img src=\"http://pb3.pstatp.com/large/pgc-image/d418a79d993d42bf9ed5993a39ed5943\" data-ic=\"false\" data-width=\"618\" data-height=\"875\" data-ic-uri=\"\" /></div>\n<p><strong>高要回龙镇黎槎八卦村</strong></p>\n<p>以水为脉、以石为基、以屋为墙，村边古榕参天，房屋依山而建，环水而设，卦形排列，圆形分布，玄机重重，风格独特。儒家思想书门楼，一村阅尽儒家文化。</p>\n<div class=\"pgc-img\"><img src=\"http://pb3.pstatp.com/large/pgc-image/ab88e53f3e9e40a7893a11d5fc88e481\" data-ic=\"false\" data-width=\"2480\" data-height=\"3508\" data-ic-uri=\"\" /></div>\n<p><strong>封开贺江第一湾</strong></p>\n<p>贺江奇景，河道蜿蜒、江水清澈、江岸林茂竹秀。登高远眺，江水回环360度，形成彩带样的蛇曲、国内仅有的回环形滨河景观。江水&ldquo;九曲十八弯&rdquo;缓缓东流，被誉为&ldquo;中国最弯曲的河流&rdquo;。</p>\n<div class=\"pgc-img\"><img src=\"http://pb3.pstatp.com/large/pgc-image/5b1a93ed09614d329c854ac677c84bf4\" data-ic=\"false\" data-width=\"2480\" data-height=\"3508\" data-ic-uri=\"\" /></div>\n<p><strong>四会奇石河旅游风景区</strong></p>\n<p>森林繁茂、瀑布飞流、奇石遍布；沿途青山绿水，看石、看水，看山，安安静静，不言不语都是好风景。</p>\n<div class=\"pgc-img\"><img src=\"http://pb3.pstatp.com/large/pgc-image/f5447cf715034b5383b3f162b57d7380\" data-ic=\"false\" data-width=\"2480\" data-height=\"3508\" data-ic-uri=\"\" /></div>\n<p>摄影 许庆彬</p>\n<p><strong>怀集世外桃源</strong></p>\n<p>世外桃源村桃花成林，薰衣草成片，竹林成荫；土地平旷，四周绿水青山，村树含烟，阡陌纵横，屋宇错落，宛若陶渊明笔下&ldquo;芳草鲜美，落英缤纷&rdquo;，&ldquo;有良田美池桑竹之属&rdquo;的桃源画境。</p>\n<div class=\"pgc-img\"><img src=\"http://pb3.pstatp.com/large/pgc-image/1eb5f003a22f4bf3a59890cecf367ebb\" data-ic=\"false\" data-width=\"2480\" data-height=\"3508\" data-ic-uri=\"\" /></div>\n<p><strong>广宁宝锭山</strong></p>\n<p>全世界最大的竹，全世界最小的竹，全世界罕见的红宝石竹，这里是广东省最大的竹文化博物馆。漫步园内，轻踏如茵绿草，夕阳在湖面洒下波光粼粼，来了这里才明白，诗和远方就在眼前，悠然自得的惬意是大自然的馈赠。</p>\n<p>肇庆景色美不胜收</p>\n<p>就等着一场春雨</p>\n<p>带着生的希望降临人间</p>\n<p>愿春风吹走阴霾</p>\n<p>愿雨水荡涤尘埃</p>\n<p><strong>愿一切美好如期而至，愿人间皆安！</strong></p>\n<p><strong>待到山河无恙日，相约南国七星城！</strong></p>\n<p>&nbsp;</p>\n<p><span style=\"color: #7e8c8d; font-size: 10pt;\">腾讯大粤网肇庆 实习编辑 胡婉娴</span></p>\n<p><span style=\"color: #7e8c8d; font-size: 10pt;\">部分图片由肇庆旅发委提供</span></p>\n<p>&nbsp;</p>', '待到山河无恙日，定将共沐春风中！', '胡婉娴', '何承翰', NULL, 'reviewed', '429743267786272768.jpg', '2020-02-25 18:07:30', 'Hocassian', b'0', '2020-03-17 15:30:03', 'Hocassian');
INSERT INTO `client_article` VALUES ('429830323090763776', '<p style=\"text-align: left;\">世界上有一种神奇的物种，据说TA可以在天使与恶魔之间无缝切换，可爱起来会让你觉得这简直就是上天派来的天使，怎么喜欢都不够&hellip;&hellip;</p>\n<section>\n<section><img style=\"display: block; margin-left: auto; margin-right: auto;\" src=\"https://notecdn.yiban.io/cloud_res/395003663/imgs/20-2-25_16:04:06.915_64815.jpeg\" /></section>\n<section></section>\n<section></section>\n<section></section>\n<section>可TA一旦&ldquo;熊&rdquo;起来...</section>\n<section>呵呵，分分钟能激怒你并让你想揍TA一顿</section>\n<section>甚至到达想把TA回炉重造的境界</section>\n<section></section>\n<section></section>\n<section></section>\n</section>\n<section>\n<section><img class=\"rich_pages js_insertlocalimg\" style=\"display: block; margin-left: auto; margin-right: auto;\" src=\"https://notecdn.yiban.io/cloud_res/395003663/imgs/20-2-25_16:04:07.293_54001.gif\" /></section>\n<section></section>\n<section></section>\n<section></section>\n<section></section>\n<section>所以TA是谁？相信大家都猜到了</section>\n<section>养娃难处多多，这里就不一一细说了</section>\n<section>我们单就说说假期遛娃这一&ldquo;难&rdquo;</section>\n<section>这不寒假来临了</section>\n<section>一波熊孩子又要开始在家里闹腾了</section>\n<section>肇庆家长苦恼吗？</section>\n<section>反正当妈了的小编是挺苦恼的</section>\n<section></section>\n<section></section>\n<section></section>\n<section></section>\n<section><img class=\"rich_pages js_insertlocalimg\" style=\"display: block; margin-left: auto; margin-right: auto;\" src=\"https://notecdn.yiban.io/cloud_res/395003663/imgs/20-2-25_16:04:06.918_49275.jpeg\" /></section>\n<section></section>\n<section></section>\n<section></section>\n<section></section>\n<section>遛娃其实是一门技术活</section>\n<section>在肇庆，想要找一个遛娃的地方不难</section>\n<section>难的是一个找安全、有趣、又能寓教于游</section>\n<section>空间还要足够大的地方</section>\n<section>家长们才遛得舒心又放心啊！</section>\n<section></section>\n<section></section>\n<section></section>\n<section></section>\n<section><img class=\"rich_pages js_insertlocalimg\" style=\"display: block; margin-left: auto; margin-right: auto;\" src=\"https://notecdn.yiban.io/cloud_res/395003663/imgs/20-2-25_16:04:07.291_16492.jpeg\" /></section>\n<section></section>\n<section></section>\n<section></section>\n<section></section>\n<section></section>\n<section>到了今年下半年咋们<strong>肇庆市儿童公园</strong>建成后</section>\n<section>就可以一园解决你的遛娃烦恼啦！</section>\n<section></section>\n<section><img style=\"display: block; margin-left: auto; margin-right: auto;\" src=\"http://localhost:9090/file/429837280912617472.png\" width=\"573\" height=\"244\" /></section>\n<section></section>\n<section></section>\n<section></section>\n<section></section>\n<section></section>\n<section></section>\n<section></section>\n<p><img style=\"display: block; margin-left: auto; margin-right: auto;\" src=\"https://notecdn.yiban.io/cloud_res/395003663/imgs/20-2-25_16:04:07.551_66134.gif\" /></p>\n<p>&nbsp;</p>\n</section>\n<section>\n<section>\n<section>\n<section>\n<p style=\"text-align: center;\"><strong>儿童公园，儿童是主角</strong></p>\n</section>\n</section>\n</section>\n</section>\n<section>\n<section>\n<section>\n<section>\n<section>\n<section></section>\n<section>\n<section>\n<section>\n<p><strong>肇庆市儿童公园从少儿角度出发，旨在打造一个适合全年龄段的，充满活力的、趣味性的、能寓教于游的，安全性高的儿童公园。</strong></p>\n</section>\n</section>\n</section>\n</section>\n</section>\n</section>\n</section>\n</section>\n<section>\n<section>\n<section>\n<p><img style=\"display: block; margin-left: auto; margin-right: auto;\" src=\"https://notecdn.yiban.io/cloud_res/395003663/imgs/20-2-25_16:04:07.326_26595.jpeg\" width=\"592\" height=\"370\" /></p>\n</section>\n</section>\n</section>\n<section>\n<p style=\"text-align: center;\">▲肇庆市儿童公园鸟瞰效果图</p>\n<p>&nbsp;</p>\n<section>\n<section>\n<section>\n<section>\n<p style=\"text-align: center;\"><strong>这份0-15岁儿童公园遛娃指南请收好！</strong></p>\n</section>\n<p style=\"text-align: center;\"><img src=\"https://notecdn.yiban.io/cloud_res/395003663/imgs/20-2-25_16:04:06.915_92481.gif\" /></p>\n</section>\n</section>\n</section>\n</section>\n<section>\n<section>\n<section>\n<section>\n<p style=\"text-align: center;\">&nbsp;</p>\n<p style=\"text-align: center;\">整个公园按照不同的功能需求分为</p>\n<p style=\"text-align: center;\"><strong>九个功能区</strong></p>\n<p style=\"text-align: center;\">满足生态特性和人文需求的融合</p>\n<p style=\"text-align: center;\">形成多样化的滨水儿童游乐空间</p>\n<p style=\"text-align: center;\">分别是</p>\n<p style=\"text-align: center;\"><strong>▽▽▽</strong></p>\n<p style=\"text-align: center;\"><strong>游客服务中心（主入口广场区）</strong></p>\n<p style=\"text-align: center;\"><strong>盛世荷香区，端砚文化区</strong></p>\n<p style=\"text-align: center;\"><strong>山体探险区，云际穿梭区</strong></p>\n<p style=\"text-align: center;\"><strong>湿地科普区，乘风破浪区</strong></p>\n<p style=\"text-align: center;\"><strong>滑板运动区，生态休闲区</strong></p>\n</section>\n</section>\n</section>\n</section>\n<section>\n<section>\n<section>\n<section>\n<section>\n<section>\n<section>\n<section>\n<p>&nbsp;</p>\n</section>\n<section>\n<p><img style=\"display: block; margin-left: auto; margin-right: auto;\" src=\"http://localhost:9090/file/429835414598332416.png\" /></p>\n<p>&nbsp;</p>\n</section>\n</section>\n</section>\n<p style=\"text-align: center;\">内设多功能室、儿童阅读室、休闲厅、空中花园等舒适自由的活动场。</p>\n</section>\n</section>\n<section>\n<section>\n<section>\n<section>\n<section>\n<section>\n<section>\n<section>\n<section>\n<p><img style=\"display: block; margin-left: auto; margin-right: auto;\" src=\"https://notecdn.yiban.io/cloud_res/395003663/imgs/20-2-25_16:04:07.388_32266.jpeg\" width=\"569\" height=\"346\" /></p>\n</section>\n</section>\n</section>\n<section></section>\n</section>\n</section>\n</section>\n</section>\n<section>\n<section>\n<section>\n<section></section>\n<section>\n<section>\n<section>\n<section>\n<p><img class=\"rich_pages js_insertlocalimg\" style=\"display: block; margin-left: auto; margin-right: auto;\" src=\"https://notecdn.yiban.io/cloud_res/395003663/imgs/20-2-25_16:04:07.103_17230.jpeg\" width=\"642\" height=\"454\" /></p>\n</section>\n</section>\n</section>\n<section></section>\n</section>\n</section>\n</section>\n</section>\n<section>\n<section>\n<section>\n<section></section>\n<section>\n<section>\n<section>\n<section>\n<p><img style=\"display: block; margin-left: auto; margin-right: auto;\" src=\"https://notecdn.yiban.io/cloud_res/395003663/imgs/20-2-25_16:04:07.485_88386.gif\" /></p>\n</section>\n</section>\n</section>\n<section></section>\n<section></section>\n</section>\n</section>\n</section>\n</section>\n</section>\n</section>\n</section>\n</section>\n</section>\n<section>\n<section>\n<section>\n<section>\n<section>\n<section>\n<section>\n<section>\n<section>\n<section></section>\n<section>\n<p>&nbsp;</p>\n<p><img style=\"display: block; margin-left: auto; margin-right: auto;\" src=\"http://localhost:9090/file/429835676524228608.png\" /></p>\n<p>以&ldquo;荷花&rdquo;为主题，设计了盛开的荷花主塔、半环形滑梯、网绳栈道、玻璃栈道等游乐设施。</p>\n</section>\n</section>\n</section>\n</section>\n</section>\n</section>\n<section>\n<section>\n<section>\n<section>\n<section>\n<section></section>\n<section>\n<section>\n<section>\n<section>\n<p><img style=\"display: block; margin-left: auto; margin-right: auto;\" src=\"https://notecdn.yiban.io/cloud_res/395003663/imgs/20-2-25_16:04:07.324_58426.jpeg\" /></p>\n</section>\n</section>\n</section>\n<section></section>\n<section></section>\n</section>\n</section>\n</section>\n</section>\n<section>\n<section>\n<p>&nbsp;</p>\n<section>\n<section>\n<section></section>\n<section></section>\n<section>\n<section>\n<section>\n<section>\n<p><img style=\"display: block; margin-left: auto; margin-right: auto;\" src=\"https://notecdn.yiban.io/cloud_res/395003663/imgs/20-2-25_16:04:07.593_81714.gif\" width=\"540\" height=\"304\" /></p>\n</section>\n</section>\n</section>\n<section></section>\n<section></section>\n</section>\n</section>\n</section>\n</section>\n<p>&nbsp;</p>\n<p style=\"text-align: center;\">▶适合3岁以下儿童活动项目点：莲蓬跳跳板</p>\n<p style=\"text-align: center;\">▶适合6-9岁儿童活动项目点：跷跷板</p>\n<p style=\"text-align: center;\">▶适合9-15岁儿童活动项目点：盛世荷香</p>\n</section>\n</section>\n</section>\n</section>\n</section>\n</section>\n<section>\n<section>\n<section></section>\n</section>\n</section>\n<section>\n<section>\n<section>\n<section>\n<section>\n<section>\n<section>\n<section>\n<p><strong>03</strong></p>\n</section>\n<section>\n<p><strong>端砚文化区</strong></p>\n</section>\n</section>\n</section>\n<p style=\"text-align: center;\">以&ldquo;端砚文化&rdquo;为主题背景，&ldquo;章鱼、海洋&rdquo;为基本元素，融入章鱼的结构体系，打造一座极具教育意义的全龄亲子乐园。</p>\n</section>\n</section>\n<section>\n<section>\n<section>\n<section>\n<section>\n<section>\n<section>\n<section><img style=\"display: block; margin-left: auto; margin-right: auto;\" src=\"https://notecdn.yiban.io/cloud_res/395003663/imgs/20-2-25_16:04:07.316_62628.jpeg\" /></section>\n</section>\n</section>\n<section>\n<section>\n<p><img class=\"rich_pages js_insertlocalimg\" style=\"display: block; margin-left: auto; margin-right: auto;\" src=\"https://notecdn.yiban.io/cloud_res/395003663/imgs/20-2-25_16:04:06.927_88552.jpeg\" /></p>\n</section>\n</section>\n</section>\n<section>\n<section><img style=\"display: block; margin-left: auto; margin-right: auto;\" src=\"https://notecdn.yiban.io/cloud_res/395003663/imgs/20-2-25_16:04:07.148_20309.jpeg\" width=\"627\" height=\"313\" /></section>\n</section>\n</section>\n</section>\n<p style=\"text-align: center;\">▶适合3岁以下儿童活动项目点：秋千、钻洞、戏水、摇摇乐</p>\n<p style=\"text-align: center;\">▶适合6-9岁儿童活动项目点：章鱼滑梯、戏水池、阿基米德、转盘平衡木、秋千岛</p>\n<p style=\"text-align: center;\">▶适合9-15岁儿童活动项目点：游龙大攀爬、章鱼滑梯、戏水池、阿基米德、转盘平衡木</p>\n</section>\n</section>\n</section>\n</section>\n</section>\n<section>\n<section>\n<section></section>\n</section>\n</section>\n</section>\n<section>\n<section>\n<section>\n<section>\n<section>\n<section>\n<section>\n<section>\n<p><strong>04</strong></p>\n</section>\n<section>\n<p><strong>山体探险区</strong></p>\n</section>\n</section>\n</section>\n<p><img class=\"rich_pages js_insertlocalimg\" style=\"display: block; margin-left: auto; margin-right: auto;\" src=\"https://notecdn.yiban.io/cloud_res/395003663/imgs/20-2-25_16:04:07.364_9433.jpeg\" width=\"563\" height=\"349\" /></p>\n</section>\n</section>\n<section>\n<section>\n<p><img class=\"rich_pages js_insertlocalimg\" style=\"display: block; margin-left: auto; margin-right: auto;\" src=\"https://notecdn.yiban.io/cloud_res/395003663/imgs/20-2-25_16:04:07.320_24474.jpeg\" /></p>\n<p>&nbsp;</p>\n<p style=\"text-align: center;\">▶适合全年龄段儿童活动项目点：野趣之丘（玩沙天地）、大象拓展、乐广场、猫头鹰迷宫、梅花桩、独角仙滑梯</p>\n<p style=\"text-align: center;\">▶适合6-9岁儿童活动项目点：蝴蝶攀爬、蚂蚁滑梯、松鼠攀爬、麋鹿滑梯、跷跷板、长颈鹿滑梯、转盘攀爬</p>\n<p style=\"text-align: center;\">▶适合9-15岁儿童活动项目点：攀爬拓展、拓展组合、秋千</p>\n</section>\n</section>\n</section>\n</section>\n</section>\n<section>\n<section>\n<section></section>\n</section>\n</section>\n<section>\n<section>\n<section>\n<section>\n<section>\n<section>\n<section>\n<section>\n<section>\n<p><strong>05</strong></p>\n</section>\n<section>\n<p><strong>云际穿梭区</strong></p>\n</section>\n</section>\n</section>\n<p>以云朵为主元素，集合滑梯、攀爬、钻网、沙地等游乐设施。</p>\n<p><img class=\"rich_pages js_insertlocalimg\" src=\"https://notecdn.yiban.io/cloud_res/395003663/imgs/20-2-25_16:04:07.102_84814.jpeg\" width=\"681\" height=\"363\" /></p>\n</section>\n</section>\n<section>\n<section>\n<section>\n<section>\n<p style=\"text-align: center;\">▶适合3岁以下儿童活动项目点：跷跷板、朵朵摇乐、云朵攀爬</p>\n</section>\n</section>\n<section>\n<section>\n<p style=\"text-align: center;\">▶适合6-9岁儿童活动项目点：七星蹦床、云堡，云朵平台</p>\n<p style=\"text-align: center;\">▶适合9-15岁儿童活动项目点：星际云桥、跳跳云、云海翻腾</p>\n<p style=\"text-align: center;\">&nbsp;</p>\n</section>\n</section>\n</section>\n</section>\n</section>\n</section>\n</section>\n<section>\n<section>\n<section>\n<section>\n<section>\n<section>\n<section>\n<section>\n<section>\n<p><strong>06</strong></p>\n</section>\n<section>\n<p><strong>湿地科普区</strong></p>\n</section>\n</section>\n</section>\n<p><img class=\"rich_pages js_insertlocalimg\" style=\"display: block; margin-left: auto; margin-right: auto;\" src=\"https://notecdn.yiban.io/cloud_res/395003663/imgs/20-2-25_16:04:07.384_35278.jpeg\" width=\"650\" height=\"459\" /></p>\n<p><img class=\"rich_pages js_insertlocalimg\" style=\"display: block; margin-left: auto; margin-right: auto;\" src=\"https://notecdn.yiban.io/cloud_res/395003663/imgs/20-2-25_16:04:07.121_45638.jpeg\" width=\"632\" height=\"311\" /></p>\n<p style=\"text-align: center;\">▶适合3岁以下儿童活动项目点：益智面板</p>\n<p style=\"text-align: center;\">▶适合6-9岁儿童活动项目点：白鹭攀爬、秋千</p>\n<p style=\"text-align: center;\">▶适合9-15岁儿童活动项目点：白鹭滑梯</p>\n</section>\n</section>\n</section>\n</section>\n</section>\n</section>\n<section>\n<section>\n<section></section>\n</section>\n</section>\n</section>\n<section>\n<section>\n<section>\n<section>\n<section>\n<section>\n<section>\n<section>\n<section>\n<section>\n<p><strong>07</strong></p>\n</section>\n<section>\n<p><strong>滑板运动区</strong></p>\n</section>\n</section>\n</section>\n<p><img class=\"rich_pages js_insertlocalimg\" style=\"display: block; margin-left: auto; margin-right: auto;\" src=\"https://notecdn.yiban.io/cloud_res/395003663/imgs/20-2-25_16:04:07.063_78928.jpeg\" width=\"639\" height=\"452\" /></p>\n<p><img class=\"rich_pages js_insertlocalimg\" style=\"display: block; margin-left: auto; margin-right: auto;\" src=\"https://notecdn.yiban.io/cloud_res/395003663/imgs/20-2-25_16:04:07.285_64389.jpeg\" width=\"531\" height=\"285\" /></p>\n<p style=\"text-align: center;\">▶适合3岁以下儿童活动项目点：彩色积木、游戏拓展、地面游戏、休闲广场</p>\n<p style=\"text-align: center;\">▶适合6-9岁儿童活动项目点：游戏拓展、城市积木、休闲广场</p>\n<p style=\"text-align: center;\">▶适合9-15岁儿童活动项目点：大小玩滑板场、线性滑板场、迷你网球场、迷你篮球场</p>\n</section>\n</section>\n</section>\n</section>\n</section>\n</section>\n<section>\n<section>\n<section></section>\n</section>\n</section>\n<section>\n<section>\n<section>\n<section>\n<section>\n<section>\n<section>\n<section>\n<section>\n<p><strong>08</strong></p>\n</section>\n<section>\n<p><strong>生态休闲区</strong></p>\n</section>\n</section>\n</section>\n<p><img class=\"rich_pages js_insertlocalimg\" style=\"display: block; margin-left: auto; margin-right: auto;\" src=\"https://notecdn.yiban.io/cloud_res/395003663/imgs/20-2-25_16:04:07.158_76767.jpeg\" width=\"544\" height=\"305\" /><img class=\"rich_pages js_insertlocalimg\" style=\"display: block; margin-left: auto; margin-right: auto;\" src=\"https://notecdn.yiban.io/cloud_res/395003663/imgs/20-2-25_16:04:07.114_51627.jpeg\" width=\"546\" height=\"386\" /></p>\n<p style=\"text-align: center;\">▶适合全龄段游客：健身广场</p>\n</section>\n</section>\n</section>\n</section>\n</section>\n</section>\n<p>&nbsp;</p>\n<section>\n<section>\n<section></section>\n</section>\n</section>\n<section>\n<section>\n<section>\n<section>\n<section>\n<section>\n<section>\n<section>\n<section>\n<p><strong>09</strong></p>\n</section>\n<section>\n<p><strong>乘风破浪区</strong></p>\n</section>\n</section>\n</section>\n<p>设计灵感源自肇庆文明&ldquo;海上丝绸之路&rdquo;，以&ldquo;帆船&rdquo;以及&ldquo;海洋&rdquo;为主元素，仿佛置身海洋之中扬帆起航，启发儿童寻幽探秘的精神，揭开以海上丝路航行的冒险旅程。</p>\n<p><img class=\"rich_pages js_insertlocalimg\" style=\"display: block; margin-left: auto; margin-right: auto;\" src=\"https://notecdn.yiban.io/cloud_res/395003663/imgs/20-2-25_16:04:07.059_28452.jpeg\" width=\"484\" height=\"271\" /></p>\n<p style=\"text-align: center;\">▶适合3岁以下儿童活动项目点：摇摇乐</p>\n<p style=\"text-align: center;\">▶适合6-9岁儿童活动项目点：鱼骨攀爬、鱼群如云设备</p>\n<p style=\"text-align: center;\">▶适合9-15岁儿童活动项目点：扬帆启航、攀爬设备</p>\n</section>\n</section>\n</section>\n</section>\n</section>\n</section>\n<p><img style=\"display: block; margin-left: auto; margin-right: auto;\" src=\"https://notecdn.yiban.io/cloud_res/395003663/imgs/20-2-25_16:04:07.550_13001.gif\" /></p>\n<section>\n<section>\n<section>\n<section>\n<p>&nbsp;</p>\n<p><img style=\"display: block; margin-left: auto; margin-right: auto;\" src=\"http://localhost:9090/file/429836431188570112.png\" /></p>\n<p>&nbsp;</p>\n</section>\n</section>\n</section>\n</section>\n<section>\n<section>\n<section>\n<p><img style=\"display: block; margin-left: auto; margin-right: auto;\" src=\"https://notecdn.yiban.io/cloud_res/395003663/imgs/20-2-25_16:04:07.234_71770.gif\" /></p>\n</section>\n<section>\n<section>\n<section></section>\n</section>\n<section>\n<section>\n<section></section>\n</section>\n<section>\n<section>\n<section>\n<section>\n<section>\n<section>\n<p style=\"text-align: center;\"><strong>建筑风格趣味性</strong></p>\n</section>\n</section>\n<p>从建筑物和里面设施的色调 、形状到各种游玩、科普项目无不体现出童真童趣。可以说，缤纷多彩、启迪益智将会是未来游园的大人小孩看得见摸得着的感受。</p>\n<section>\n<section>\n<section></section>\n<section>\n<section>\n<p><img style=\"display: block; margin-left: auto; margin-right: auto;\" src=\"https://notecdn.yiban.io/cloud_res/395003663/imgs/20-2-25_16:04:07.061_12497.jpeg\" /></p>\n<p><img class=\"rich_pages js_insertlocalimg\" style=\"display: block; margin-left: auto; margin-right: auto;\" src=\"https://notecdn.yiban.io/cloud_res/395003663/imgs/20-2-25_16:04:07.315_77110.jpeg\" /></p>\n</section>\n</section>\n<section></section>\n</section>\n</section>\n<section>\n<section>\n<p style=\"text-align: center;\">&nbsp;</p>\n<p style=\"text-align: center;\"><strong>公共配套服务设施体现人性化关怀</strong></p>\n</section>\n</section>\n<p>母婴室、授乳间的设置，贴心考虑0-3岁儿童的需求，还有贯通全园的无障碍设计，临近游乐区的家长看护区域，警示关怀牌等。</p>\n<p><img class=\"rich_pages js_insertlocalimg\" style=\"display: block; margin-left: auto; margin-right: auto;\" src=\"https://notecdn.yiban.io/cloud_res/395003663/imgs/20-2-25_16:04:07.364_76452.jpeg\" width=\"587\" height=\"334\" /></p>\n<p>&nbsp;</p>\n<section>\n<section>\n<p style=\"text-align: center;\"><strong>充分考虑安全性</strong></p>\n</section>\n</section>\n<p>孩子是父母生命的延续，是父母未来的希望，更是父母的心肝宝贝。所以，公园的安全性也是父母最为关心的话题。肇庆市儿童公园在场所安全性得以保障的基础上，塑造自然化、生态化、品质化的满足青少年、儿童及家庭活动的专类公园。</p>\n<p><img class=\"rich_pages js_insertlocalimg\" style=\"display: block; margin-left: auto; margin-right: auto;\" src=\"https://notecdn.yiban.io/cloud_res/395003663/imgs/20-2-25_16:04:07.376_6077.jpeg\" width=\"590\" height=\"310\" /></p>\n</section>\n</section>\n</section>\n</section>\n<section>\n<section></section>\n</section>\n</section>\n<section></section>\n</section>\n<section>\n<p style=\"text-align: center;\"><img src=\"https://notecdn.yiban.io/cloud_res/395003663/imgs/20-2-25_16:04:06.923_87710.gif\" /></p>\n</section>\n</section>\n</section>\n<p>&nbsp;</p>\n<p style=\"text-align: center;\">哇~看完这份指南</p>\n<p style=\"text-align: center;\">是不是又一次被肇庆市儿童公园给惊艳到了！</p>\n<p style=\"text-align: center;\">在这里遛娃可谓是真正做到</p>\n<p style=\"text-align: center;\">解放家长双手，解决家长苦恼！</p>\n<p><img class=\"rich_pages js_insertlocalimg\" style=\"display: block; margin-left: auto; margin-right: auto;\" src=\"https://notecdn.yiban.io/cloud_res/395003663/imgs/20-2-25_16:04:07.264_14066.png\" /></p>\n<p style=\"text-align: center;\">建议家长，咬咬牙再坚持几个月</p>\n<p style=\"text-align: center;\">先收藏好这份指南</p>\n<p style=\"text-align: center;\">2020年的儿童节便可用起来啦！</p>\n</section>\n<section>\n<section>\n<p><img style=\"display: block; margin-left: auto; margin-right: auto;\" src=\"https://notecdn.yiban.io/cloud_res/395003663/imgs/20-2-25_16:04:07.249_7331.gif\" /></p>\n</section>\n</section>\n<section>\n<section>\n<section>\n<section>\n<section>\n<section>\n<section>\n<section>\n<section>\n<section><img style=\"display: block; margin-left: auto; margin-right: auto;\" src=\"https://notecdn.yiban.io/cloud_res/395003663/imgs/20-2-25_16:04:07.286_32211.jpeg\" /></section>\n</section>\n<section>\n<section>\n<p>&nbsp;</p>\n<p><span style=\"color: #7e8c8d;\">资料来源 | 肇庆市城市规划设计院</span></p>\n<p><span style=\"color: #7e8c8d;\">编辑 | 胡婉娴</span></p>\n<p><span style=\"color: #7e8c8d;\">校对 | 李宗庆</span></p>\n<p><span style=\"color: #7e8c8d;\">肇庆市儿童公园公众号编辑部</span></p>\n</section>\n</section>\n</section>\n</section>\n</section>\n</section>\n</section>\n</section>\n</section>\n</section>\n<p>&nbsp;</p>\n<p>&nbsp;</p>', '肇庆家长，这里有一份0-15岁“遛娃指南”请您查收', '肇庆市儿童公园', '何承翰', NULL, 'reviewed', '429837089421668352.jpg', '2020-02-25 23:53:21', 'Hocassian', b'0', '2020-03-16 16:58:59', 'Hocassian');
INSERT INTO `client_article` VALUES ('450402189186445312', '<p>春风吹过万物生，七星城内风采依旧。疫情宅家已一月有余，多少风景未能收入眼中，心中总有无限牵挂。期待每一个早晨，能与你道一声早安，等到灯火阑珊夜，多想和你说一句晚安。</p>\n<p>&nbsp;</p>\n<p><img style=\"display: block; margin-left: auto; margin-right: auto;\" src=\"https://migotimes.com/file/450398429299093504.png\" /></p>\n<p style=\"text-align: center;\">&nbsp;</p>\n<p style=\"text-align: center;\"><span style=\"font-size: 18pt;\"><strong>七星岩</strong></span></p>\n<p style=\"text-align: center;\">&nbsp;</p>\n<p><img style=\"display: block; margin-left: auto; margin-right: auto;\" src=\"https://migotimes.com/file/450398716881547264.png\" width=\"496\" height=\"882\" /></p>\n<blockquote>\n<p>我站在彩色甲板上，头顶是蓝天白云，脚下是碧绿湖水，远处是奇峰罗列。双手划动船桨，迎着清晨的微风，在湖中画一道彩虹。</p>\n</blockquote>\n<p><img style=\"display: block; margin-left: auto; margin-right: auto;\" src=\"https://migotimes.com/file/450398995714682880.png\" width=\"484\" height=\"861\" /></p>\n<p style=\"text-align: center;\">我看见远处的青黛美如画</p>\n<section>\n<p style=\"text-align: center;\">我听见身旁的流水似琴弦</p>\n<p style=\"text-align: center;\">我驾一叶扁舟，游山水之间</p>\n<p style=\"text-align: center;\">与春风秋雨来一场偶遇</p>\n<p style=\"text-align: center;\">献上身旁的姹紫嫣红</p>\n<p style=\"text-align: center;\">&nbsp;</p>\n<p style=\"text-align: center;\"><strong><span style=\"font-size: 18pt;\">鼎湖山</span></strong></p>\n<p style=\"text-align: center;\">&nbsp;</p>\n</section>\n<p><img style=\"display: block; margin-left: auto; margin-right: auto;\" src=\"https://migotimes.com/file/450399753910628352.png\" /></p>\n<p style=\"text-align: center;\">泥融飞燕子，沙暖睡鸳鸯</p>\n<p style=\"text-align: center;\">纵有一湖一舟，一屋一人</p>\n<p style=\"text-align: center;\">相遇一场花开，邂逅一份真情</p>\n<p style=\"text-align: center;\">百花齐放，万物无恙</p>\n<p style=\"text-align: center;\">哪还管得世间纷纷扰扰</p>\n<p style=\"text-align: center;\">&nbsp;</p>\n<p style=\"text-align: center;\"><span style=\"font-size: 18pt;\"><strong>红花绿草</strong></span></p>\n<p style=\"text-align: center;\">&nbsp;</p>\n<p><img style=\"display: block; margin-left: auto; margin-right: auto;\" src=\"https://migotimes.com/file/450399886400303104.png\" width=\"484\" height=\"287\" /></p>\n<p>&nbsp;</p>\n<p style=\"text-align: center;\">春天的花、春天的草</p>\n<p style=\"text-align: center;\">在春风的爱抚下创出了一片明丽</p>\n<p style=\"text-align: center;\">花朵绚丽清香，青草淡雅宁静</p>\n<p style=\"text-align: center;\">当太阳出来时，明艳艳的</p>\n<p style=\"text-align: center;\">与蓝天白云相映照</p>\n<p style=\"text-align: center;\">显得分外美丽</p>\n<p style=\"text-align: center;\">&nbsp;</p>\n<p style=\"text-align: center;\"><span style=\"font-size: 18pt;\"><strong>丽谯楼</strong></span></p>\n<p style=\"text-align: center;\">&nbsp;</p>\n<p><img style=\"display: block; margin-left: auto; margin-right: auto;\" src=\"https://migotimes.com/file/450400047692263424.png\" width=\"386\" height=\"686\" /></p>\n<p style=\"text-align: center;\">&nbsp;</p>\n<p style=\"text-align: center;\">星岩朗曜光山海，砚渚清风播古今</p>\n<p style=\"text-align: center;\">红墙黛瓦间，步步皆景</p>\n<p style=\"text-align: center;\">朱砂青砖内，古端含蕴</p>\n<p style=\"text-align: center;\">站在华丽的高楼上，守望古城</p>\n<p style=\"text-align: center;\">感受明代至今的历史变迁</p>\n<p style=\"text-align: center;\">&nbsp;</p>\n<p style=\"text-align: center;\"><span style=\"font-size: 18pt;\"><strong>披云楼</strong></span></p>\n<p style=\"text-align: center;\">&nbsp;</p>\n<p><img style=\"display: block; margin-left: auto; margin-right: auto;\" src=\"https://migotimes.com/file/450400272448237568.png\" width=\"688\" height=\"611\" /></p>\n<p>&nbsp;</p>\n<p style=\"text-align: center;\">白鹤成群，鹤鸣树上，楼绕披云</p>\n<p style=\"text-align: center;\">登临此境，如入蓬莱</p>\n<p style=\"text-align: center;\">登斯楼，望城内外</p>\n<p style=\"text-align: center;\">景致尽收眼底</p>\n<p style=\"text-align: center;\">瞭望楼上</p>\n<p style=\"text-align: center;\">看如今繁花似锦、车水马龙</p>\n<p style=\"text-align: center;\">&nbsp;</p>\n<p style=\"text-align: center;\"><strong><span style=\"font-size: 18pt;\">海市蜃楼</span></strong></p>\n<p style=\"text-align: center;\">&nbsp;</p>\n<p><img style=\"display: block; margin-left: auto; margin-right: auto;\" src=\"https://migotimes.com/file/450400427188695040.png\" width=\"544\" height=\"967\" /></p>\n<p>&nbsp;</p>\n<p style=\"text-align: center;\">从前的日色变得慢</p>\n<p style=\"text-align: center;\">车、马、邮件都慢</p>\n<p style=\"text-align: center;\">一来一往间，纵是安和</p>\n<p style=\"text-align: center;\">当时间从隧道中穿过</p>\n<p style=\"text-align: center;\">越过人群，登上高楼</p>\n<p style=\"text-align: center;\">是人世繁华的见证者</p>\n<p style=\"text-align: center;\">&nbsp;</p>\n<p style=\"text-align: center;\"><strong><span style=\"font-size: 18pt;\">肇庆长利大道桥</span></strong></p>\n<p style=\"text-align: center;\">&nbsp;</p>\n<p><img style=\"display: block; margin-left: auto; margin-right: auto;\" src=\"https://migotimes.com/file/450400572030595072.png\" width=\"522\" height=\"928\" /></p>\n<p>&nbsp;</p>\n<p style=\"text-align: center;\">你说</p>\n<p style=\"text-align: center;\">你羡慕着天空</p>\n<p style=\"text-align: center;\">拥有无边辽阔的美</p>\n<p style=\"text-align: center;\">却不知道</p>\n<p style=\"text-align: center;\">天空仰慕你白昼的繁华壮丽、</p>\n<p style=\"text-align: center;\">夜晚的璀璨撩人</p>\n<p style=\"text-align: center;\">你不仅是城市未来发展的重要载体</p>\n<p style=\"text-align: center;\">更是一座崛起新城的闪亮名片</p>\n<p style=\"text-align: center;\">每一次路过</p>\n<p style=\"text-align: center;\">我都忍不住放慢了脚步</p>\n<p style=\"text-align: center;\">&nbsp;</p>\n<p style=\"text-align: center;\"><span style=\"font-size: 18pt;\"><strong>肇庆新区体育中心</strong></span></p>\n<p style=\"text-align: center;\">&nbsp;</p>\n<p><img style=\"display: block; margin-left: auto; margin-right: auto;\" src=\"https://migotimes.com/file/450400766176538624.png\" width=\"562\" height=\"499\" /></p>\n<p>&nbsp;</p>\n<p style=\"text-align: center;\">晨光熹微，五星红旗冉冉升起</p>\n<p style=\"text-align: center;\">人们早已活动开了筋骨</p>\n<p style=\"text-align: center;\">等待着一声枪响</p>\n<p style=\"text-align: center;\">在红色的跑道上</p>\n<p style=\"text-align: center;\">与晨风来一场赛跑</p>\n<p style=\"text-align: center;\">&nbsp;</p>\n<p><img style=\"display: block; margin-left: auto; margin-right: auto;\" src=\"https://migotimes.com/file/450400975531028480.png\" /></p>\n<p>&nbsp;</p>\n<p><img style=\"display: block; margin-left: auto; margin-right: auto;\" src=\"https://migotimes.com/file/450401047601754112.png\" /></p>\n<p>&nbsp;</p>\n<p><img style=\"display: block; margin-left: auto; margin-right: auto;\" src=\"https://migotimes.com/file/450401110600200192.png\" /></p>\n<p>&nbsp;</p>\n<p><img style=\"display: block; margin-left: auto; margin-right: auto;\" src=\"https://migotimes.com/file/450401203323678720.png\" /></p>\n<p>&nbsp;</p>\n<p><img style=\"display: block; margin-left: auto; margin-right: auto;\" src=\"https://migotimes.com/file/450401298727317504.png\" /></p>\n<p>&nbsp;</p>\n<p style=\"text-align: center;\"><img src=\"https://migotimes.com/file/450401399684214784.png\" /></p>\n<p style=\"text-align: center;\">&nbsp;</p>\n<p style=\"text-align: center;\"><img src=\"https://migotimes.com/file/450401452842823680.png\" /></p>\n<p><img style=\"display: block; margin-left: auto; margin-right: auto;\" src=\"https://migotimes.com/file/450401528927498240.png\" /></p>\n<p style=\"text-align: center;\">一声早安，是一份憧憬</p>\n<p style=\"text-align: center;\">一句晚安，是一份期待</p>\n<p style=\"text-align: center;\">肇庆之景四时皆美</p>\n<p style=\"text-align: center;\">愿能为你带去愉悦、恬静与无限的希望</p>\n<section data-tools=\"135编辑器\" data-id=\"16401\">\n<section>\n<section></section>\n</section>\n</section>\n<p><img src=\"https://migotimes.com/file/450401619356692480.png\" /></p>\n<p><span style=\"font-size: 10pt; color: #95a5a6;\">供图 | 肇庆市旅发委</span></p>\n<p><span style=\"font-size: 10pt; color: #95a5a6;\">撰文 | 陈钰</span></p>\n<p><span style=\"font-size: 10pt; color: #95a5a6;\">编辑 | 陈钰</span></p>\n<p><span style=\"font-size: 10pt; color: #95a5a6;\">出品 | 腾讯大粤网肇庆 肇庆市广播电视台</span></p>\n<p><img style=\"display: block; margin-left: auto; margin-right: auto;\" src=\"https://migotimes.com/file/450401846209818624.png\" /></p>', '肇庆：每天想跟你道一声，早安、晚安', '陈钰', '何晶明', NULL, 'reviewed', '450402159130062848.jpg', '2020-04-22 18:18:36', 'Hocassian', b'0', '2020-04-22 18:19:39', 'Hocassian');
INSERT INTO `client_article` VALUES ('452235198126632960', '<p>研究经济金融泡沫，日本80年代绝对可以作为典型代表来研究，集聚了<strong>汇率、扩张性货币政策、扩大内需、债务支撑的经济繁荣、房地产投机热情、货币收紧下的硬着陆，长达几十年的市场出清和复苏过程。</strong>硬着陆之前，能读到的关键词语竟表现出惊人的相似，虽然经济体之间存在很多方面的差异，但同样是债务支撑的经济繁荣，市场清算时也自然有诸多类似问题，那么日本经济泡沫崩盘到底能给我们带来什么启示呢？</p>\n<p><strong>汇率</strong>，两种货币之间的兑换比例，而世界的货币兑换多以美元为锚，货币的价值是综合国力的象征，也是政府信用的象征，但不意味着越高越高，购买力稳定才是关键。而在国际贸易中更能体现这一点，汇率升高，本币对外购买力增强，有利于进口商品的购买力的提升，假设现在汇率从7块涨到14，你用同样的钱就能买到更多的进口商品。汇率降低是不是意味着不好呢，也不是，汇率降低，你在出口商品上赚来的钱将会兑换更多的本币（假设本币购买力变化不大），比如你做外贸生意，净赚的100万美元，汇率是7和14你换回来的本币数量700万和1400万就差一倍。汇率高了好还是低了好呢？<strong>最有利于经济体发展的最佳</strong>，外汇管制、逆周期因子就是调控汇率的手段。</p>\n<p><strong>国际避险资金</strong>，汇率与日本经济泡沫有什么关系呢？这里就要提一下美国这种商人主导的经济体的特点，由于经济周期的存在，本国的积累的资本总是要经历经济下行或者经济危机中损失，如果是封闭环境，资本就会在危机中受伤或者湮灭。但如果考虑半封闭经济体，或者完全自由经济体那么是有办法避免这种损失的，那便是把资本转移到相对安全的地方，日本在经历了几十年的发展后，八十年代经济势头及其凶猛，自然成了国际避险资金的最优选，如何保证避险资金的绝对安全呢？一个重要的决议就产生了，那便是著名的《广场协定》，美国、日本、联邦德国、法国以及英国的财政部长和中央银行行长在纽约广场饭店举行会议，达成五国政府联合干预外汇市场，诱导美元对主要货币的汇率有秩序地贬值，那么相对的日元就会持续的表现出快速的升值。</p>\n<p>日元升值会带来什么影响，货币和投资类的商品一样，如果预期上涨，就会有过更多其他经济体的商人在不景气时（同时期美国陷入高通胀，低收益率的困境）把财富转移到预期收益高的地方，广场协定签订短短的3个月，日元对美元快速升值20%，怎么理解呢，主导政治的美国商人，只需要在签订前后将美元换成日元，短短三个月，什么都不用干，就可以换回多20%的美元！与之形成鲜明对比的是当时衰退的美国经济，日元最高时相对于美元升值了1倍多，假设250：1时买入日元，到120：1时卖出，每1美元将赚走1.0833美元的收益。</p>\n<p><strong>避险资金引起的货币超发</strong>，大量避险资金流入后会发生什么？假设有1万美元流入，日本央行就要兑换出250万的日币流入市场，这些钱又会以存款形式通过金融机构货币乘数放大。大量的避险资金流入必然伴随着本国货币发行速度与商品产出速度不协调，相对来说就对应货币超发，表现出来是大量的投资保值需求，股市楼市有热钱涌入就会带来繁荣，预期向好带动更多的投资，过热在经济周期中非常普遍，广场协定只是起到了加速的作用，这里读者可以看到，总给他人扣汇率操纵国帽子的人，却是玩的最早、玩的最好、还是组团操纵的，判断标准便是政策是否对自己有利。</p>\n<p><strong>扩大内需与扩张性货币政策</strong>，仅仅靠避险资金带动的投机是不足以积累日本空前的经济泡沫，上文中提到，汇率升值有利于进口，反过来也会限制出口，当时日本的商品销至全球，几乎是所有国家的债权国，汇率的110%的上升必然严重的影响到出口贸易。出口受阻，汇率受广场协定的限制，不可能调回到原本的汇率去增加日本商品在全球的价格竞争力。这时，一个熟悉的名词就出现了-<strong>扩大内需</strong>，这不是我们首创的，日本很早就用过了，方法经常也不陌生-<strong>扩张性货币政策</strong>，在错误的节点上使用扩张性货币政策，这才是导致日本经济虚假繁荣的根本原因。为什么说是错误的时间呢？大量的避险资金涌入带来的货币超发下，本身已经热钱涌动，消费能力会提高，但却忽略了投资需求更强盛，股市楼市便成了投机盛宴。</p>\n<p>我们看看日本在外资涌入已经造成了本国市场热钱涌动和投机势头时做了什么，1986年 1月至1987年2月，日本银行连续五次降低利率，把中央银行贴现率从5%降低到2.5%，市场参与者会怎么选择？毫无疑问的借钱投资房地产和股票（我们要除去股票）！！！就在日本形成了两个神话，股票神话和房价神话，短短三年多的时间，日本平均股价和几大城市房价分别上涨270%和300%。政策制定者总认为实行了扩张性货币政策以后，钱回流向消费方向，实现扩大内需的政策目的，事实往往是大众更喜欢一两年就能翻倍的投资品，不仅增加了负债，还挤压了消费。</p>\n<p><strong>经济神话，</strong>平均股价和房价短时间内的成倍上涨，惯性思维使得人们越来越大胆和自信，流传着股票、房价永远涨，早买早发财的投机预期，滋生越来越多的银行贷款参与投机活动，并支撑整个经济体的表象繁荣，每个人都是腰缠万贯，仅仅东京的地价就可以买下整个美国！手握股票和房子，以及永远涨的心理预期，使得日本当年中产阶级过分的乐观和透支信用，繁荣掩盖了风险。做企业的不再追求利润，而是纸上的资产总额，市值和土地溢价远高于实实在在做产品的营收，人人都是股神，房地产投资收益高过十几年、几十年的收入。</p>\n<p><strong>硬着陆下的泡沫崩盘</strong>，甚至在崩盘前夕，各项经济指标空前的好，问题出在哪里？当然是实业经济的状况，金融和房地产投机挤压了消费，也就影响了实业经济的发展，经济的真实发展在于产出和消费，越来越多的人参与投机，期待后来者为前期投入的人买单，所有人在经济体中分工不同，如果大家大量的花在投机股票和房地产上面，而不买对方生产的商品，怎么能保证对方会买你生产的商品并且支撑你的工资呢？资产价格上升没有实业的支撑，维持这种繁荣的只有投机热情和负债上限。一旦投机者丧失投机欲望，接盘者由于负债丧失接盘能力，那么这种虚假繁荣将彻底崩溃，A把股票或者房子以100万卖给B，B又以200万卖给C，直至到最后一位投机者D（接盘者）以300万的价格购入，一旦没有下家接盘，就有人扛不住要降价抛售，投机热情又是以预期收益作为支撑，小小的几片雪花将触发抛售恐慌，资产价格崩盘，假设价格又降回到100万（恐慌可能要比原始价格更低），最后一位投资者或者接盘者承担以前所有参与者增值收益的部分的损失体量，重要的是，后来的投机者并不是全款，而是包含大量的负债参与这个击鼓传花的游戏。</p>\n<p>日本当局也是清醒的认识到在表象繁荣下的巨大的危机，并在89年5月31日将贴现率从2.5上调至3.25，并在一年内将贴现率提升至6，同时限制不动产方向的贷款发放，股价在同年12月开始下跌，之后便是房价的下跌，短短一两年内，股市楼市两大神话几乎腰斩，引爆了虚假的繁荣的崩盘，大批不良资产由于违约丢给银行处理，持续了数十年的市场出清，至今仍有那一代投机者的老后破产后遗症，是不是日本的紧缩货币政策选择过于激烈了，仁者见仁。</p>\n<div class=\"RichText-MCNLinkCardContainer\">\n<div class=\"MCNLinkCard-card\">\n<div class=\"MCNLinkCard-cardContainer\">\n<div class=\"MCNLinkCard-imageContainer MCNLinkCard-imageContainer--square\"><img class=\"MCNLinkCard-image\" style=\"display: block; margin-left: auto; margin-right: auto;\" src=\"https://pic1.zhimg.com/v2-8efa5f563165ac04c71fca38194cd357_hd.jpg\" alt=\"\" /></div>\n<div class=\"MCNLinkCard-info\">\n<div class=\"MCNLinkCard-title\" style=\"text-align: center;\">\n<div class=\"MCNLinkCard-titleText\"><strong>失去的二十年：日本经济长期停滞的真正原因</strong></div>\n<div class=\"MCNLinkCard-tagList\">&nbsp;</div>\n</div>\n<div class=\"MCNLinkCard-tool\">\n<div class=\"MCNLinkCard-button\" style=\"text-align: center;\" role=\"button\">&nbsp;</div>\n</div>\n</div>\n</div>\n</div>\n</div>\n<p>今天不谈我们的情况，读者可以调查求证这种相似度的差异，以史为镜，可以知兴替，经济体之间不同的地方有，但同样适用的经济规律更多，债务支撑的虚假繁荣总是要面临市场的清算，或迟或早取决于货币政策是选择继续保持扩张还是紧缩！日本当时不继续降息而是突然的加息主动刺破并不一定是蠢，也可能是小打小闹的降息降准已经不足以支撑这种经济泡沫的体量，大规模的扩张性货币政策可能就不是失去20年了。</p>', '日本经济崩盘始末', '王克丹', '何承翰', NULL, 'reviewed', '452235183824056320.jpg', NULL, NULL, b'0', '2020-04-28 15:21:50', 'Hocassian');
COMMIT;

-- ----------------------------
-- Table structure for client_proxy
-- ----------------------------
DROP TABLE IF EXISTS `client_proxy`;
CREATE TABLE `client_proxy` (
  `id` int NOT NULL AUTO_INCREMENT COMMENT '唯一标识',
  `ip_port` varchar(255) DEFAULT NULL,
  `time_last` int DEFAULT NULL,
  PRIMARY KEY (`id`) USING BTREE,
  UNIQUE KEY `index` (`id`) USING BTREE
) ENGINE=InnoDB AUTO_INCREMENT=12413121 DEFAULT CHARSET=utf8 ROW_FORMAT=DYNAMIC COMMENT='代理暂存';

-- ----------------------------
-- Table structure for client_swiper
-- ----------------------------
DROP TABLE IF EXISTS `client_swiper`;
CREATE TABLE `client_swiper` (
  `id` varchar(127) NOT NULL COMMENT '客户端轮播图id',
  `swiper_pic` varchar(255) DEFAULT NULL COMMENT '轮播图地址',
  `swiper_name` varchar(255) DEFAULT NULL COMMENT '轮播图名称',
  `swiper_status` varchar(255) DEFAULT NULL COMMENT '轮播图状态',
  `swiper_reviewer` varchar(255) DEFAULT NULL COMMENT '轮播图审核人',
  `create_at` datetime DEFAULT NULL,
  `create_by` varchar(255) DEFAULT NULL,
  `is_del` bit(1) DEFAULT NULL,
  `update_at` datetime DEFAULT NULL,
  `update_by` varchar(255) DEFAULT NULL,
  PRIMARY KEY (`id`) USING BTREE
) ENGINE=InnoDB DEFAULT CHARSET=utf8mb4 COLLATE=utf8mb4_0900_ai_ci ROW_FORMAT=DYNAMIC COMMENT='主页轮播图';

-- ----------------------------
-- Records of client_swiper
-- ----------------------------
BEGIN;
INSERT INTO `client_swiper` VALUES ('425076880790794240', '425119281815236608.jpg', '第一个轮播图', 'reviewed', '', '2020-02-12 21:04:52', 'Hocassian', b'0', '2020-02-19 22:58:52', NULL);
INSERT INTO `client_swiper` VALUES ('425119330121035776', '425119316074311680.jpg', '第二张轮播图', 'reviewed', '', '2020-02-12 23:53:32', NULL, b'1', '2020-03-16 18:58:24', 'Hocassian');
INSERT INTO `client_swiper` VALUES ('429368257926148096', '429368245519396864.jpg', '第三张轮播图', 'reviewed', NULL, '2020-02-24 17:17:16', 'Hocassian', b'0', '2020-03-14 01:51:43', 'Hocassian');
COMMIT;

-- ----------------------------
-- Table structure for client_video
-- ----------------------------
DROP TABLE IF EXISTS `client_video`;
CREATE TABLE `client_video` (
  `id` varchar(127) NOT NULL,
  `video_title` varchar(255) DEFAULT NULL COMMENT '视频标题',
  `video_profile` text COMMENT '视频简介',
  `video_url` varchar(255) DEFAULT NULL COMMENT '视频链接（av号）',
  `video_cid` varchar(255) DEFAULT NULL COMMENT '视频cid（bv号）',
  `video_pic` varchar(255) DEFAULT NULL COMMENT '视频封面（竖屏封面）',
  `video_cover` varchar(255) DEFAULT NULL COMMENT '视频封面（横屏封面）',
  `video_date` datetime(6) DEFAULT NULL COMMENT '创作日期',
  `video_status` varchar(255) DEFAULT NULL COMMENT '状态',
  `video_author` varchar(255) DEFAULT NULL COMMENT '视频作者',
  `video_reviewer` varchar(255) DEFAULT NULL COMMENT '审核人',
  `create_at` datetime DEFAULT NULL,
  `create_by` varchar(255) DEFAULT NULL,
  `is_del` bit(1) DEFAULT NULL COMMENT '是否软删除（下架）',
  `update_at` datetime DEFAULT NULL,
  `update_by` varchar(255) DEFAULT NULL,
  PRIMARY KEY (`id`) USING BTREE
) ENGINE=InnoDB DEFAULT CHARSET=utf8mb4 COLLATE=utf8mb4_0900_ai_ci ROW_FORMAT=DYNAMIC COMMENT='主页视频';

-- ----------------------------
-- Records of client_video
-- ----------------------------
BEGIN;
INSERT INTO `client_video` VALUES ('414807535779065856', '【翰哥怎么看】《冰菓》第五卷《两人距离的概算》：天下无不散的宴席，而且不见得都是好聚好散', '视频类型: 动漫杂谈\n相关题材: 冰菓\n补充信息：《两人距离的概算》讲述的是《冰菓》原动画完结后的故事，所以用「第二季」加以调侃，还请各位小伙伴留心～\n简介: 人和人之间的误会并不是找出真相就能得到美好结局，在推理小说谜团揭晓的那一刻，故事人物的苦涩才正要开始。哪怕疑虑得到解除，但破坏已难以挽回。即便并非不可逆，但想弥补破损的关系终究不容易，也不见得想去做。究竟该如何才能计算出与他人合适的距离呢？或许在青春时代重重摔上几跤，便是在往后人生建立起友谊方法论的必经试炼吧。', '22240199', NULL, '425487132283645952.jpg', NULL, '2020-01-15 12:58:08.000000', 'reviewed', '张三、李四', '何承翰', '2020-01-15 12:58:09', 'Hocassian', b'0', '2021-04-03 10:25:15', 'Hocassian');
INSERT INTO `client_video` VALUES ('415594414510190592', '【同和日常】高中小伙用650元组装了一台迷你电脑！', '（其实是黑历史）\nBGM：Kush Coma\n大学宿舍：av15764177', '32768967', NULL, '427202947315937280.jpg', NULL, '2020-01-17 17:04:55.000000', 'reviewed', '三六九', '何承翰', '2020-01-17 17:04:55', NULL, b'0', '2021-04-03 10:25:14', 'Hocassian');
INSERT INTO `client_video` VALUES ('425002823131082752', '【当你拥有XXX系列】当你拥有b站年度大会员是什么感觉？', '稿件投诉\n脑洞大开做了一个233\n原作者：logokas(YOUTUBE)\n原作者主页：https://www.youtube.com/channel/UCxx436u98F4Itoou8pYRBAg', '11694046', NULL, '427202016989949952.jpg', NULL, '2020-02-12 16:10:34.000000', 'reviewed', '自媒体', '何承翰', '2020-02-12 16:10:35', 'Hocassian', b'0', '2021-04-03 10:25:13', 'Hocassian');
INSERT INTO `client_video` VALUES ('425083103183384576', '【同和怪谈事件簿】大学生因何走上不归路？冒死揭秘碧缇福微商内幕！', '不少碧缇福的代理商在推广市场时，并不是将产品放在第一位，而是不断包装，以“赚钱”和“成功”来吸引加盟者。碧缇福超越国际联盟甚至直接打出了“我在这里等你，圆你百万财富梦”的广告语。 财富、豪车、豪宅、旅游……这些被包装出来的光鲜亮丽，吸引了很多年轻人，其中包括许多在校大学生，他们被吸引加入了碧缇福，想以此走上“人生巅峰”。而加入碧缇福的大学生，又被包装成正面和成功的例子，以此吸引更多的大学生加入。', '582763925', NULL, '427201849792409600.jpg', NULL, '2020-02-12 21:29:35.000000', 'reviewed', '王五、赵柳', '何承翰', '2020-02-12 21:29:35', NULL, b'0', '2021-04-03 10:25:11', 'Hocassian');
INSERT INTO `client_video` VALUES ('427570067853815808', '【戏说一下】《Fate/stay night》三线：一个人成长必经的三个阶段', '一切以胸怀壮志的入世开始，一切又以大彻大悟的出世结束，在这成长必经的漫漫长路上，遍布着我们之中的每一个人。', '56753666', NULL, '427570050481008640.jpg', NULL, '2020-02-19 18:11:53.000000', 'reviewed', '同和君', '铜合金', '2020-02-19 18:11:54', NULL, b'0', '2021-04-03 10:25:10', 'Hocassian');
INSERT INTO `client_video` VALUES ('427570155816759296', '【香港VLOG】华而不实的iPhone XS Max，日渐衰落的香港，和身陷囹圄的我', '（3:08正片开始）\n这次香港之旅，对我个人而言就是一次「黯然销魂之旅」，它让我看到了一个真实的iPhone，一个真实的香港，和一个真实自我。可能苹果公司还需要一点时间摸清自己的地位，香港还需要一点时间搞清楚自己的状况，可能我需要一点时间才能从自己当下的失败中走出来……', '35818090', NULL, '427570139861626880.jpg', NULL, '2020-02-19 18:12:14.000000', 'reviewed', '同和君', '何承翰', '2020-02-19 18:12:15', NULL, b'0', '2021-04-03 10:25:08', 'Hocassian');
INSERT INTO `client_video` VALUES ('428180838249934848', '《歌手2017》七首歌曲1080P无损无台标纯享', '听说集齐这七首歌可以召唤神龙→_→', '42575787', NULL, '430334813963300864.jpg', NULL, '2020-02-21 10:38:52.000000', 'reviewed', '谭晶', '何承翰', '2020-02-21 10:38:53', 'Hocassian', b'0', '2021-04-03 10:25:47', 'Hocassian');
INSERT INTO `client_video` VALUES ('430342345985372160', '新冠病毒的自我修养：如何统治全人类', '视频从头到尾都是一种旁观者的口吻，\n不评论对错，不科普知识，不煽动情绪。\n请以影视作品来看待。\n真正要传达的信息是生态平衡和团结共存。', '90424787', NULL, '430342341698793472.jpg', NULL, '2020-02-27 09:47:56.000000', 'reviewed', 'YJango', 'osk', '2020-02-27 09:47:56', 'Hocassian', b'0', '2021-04-03 10:25:48', 'Hocassian');
INSERT INTO `client_video` VALUES ('450405145243824128', '暖心一幕，抗疫执勤民警身后竟然跟着一只可爱的小黄鸭！', '#抗击疫情##中国加油#【抗疫执勤民警被“跟踪”？（表情：疑问）】广佛肇高速省际江口公安检查站前，肇庆封开一名正在执勤的警察蜀黍被一只小黄鸭“跟踪”了！（表情：吃惊）这“机智”的小黄鸭似乎懂得：紧紧地跟着人民警察才是最安全的。同时，也仿佛在向正在执勤的民警说：您辛苦啦，我是您永远的“加油鸭”！（表情：加油）', '89000873', '', '450405136112824320.jpg', '', '2020-04-22 18:30:20.380000', 'reviewed', '米果时代', '何晶明', '2020-04-22 18:30:20', 'Hocassian', b'0', '2020-04-22 18:30:20', 'Hocassian');
INSERT INTO `client_video` VALUES ('450408481514860544', '疫情不退，风雨再大我们也不退！', '#疫情当前警察不退##疫情当前公安在行动##我愿意为你守护#【疫情不退，风雨再大我们也不退】今天凌晨以来，面对狂风暴雨、电闪雷鸣，肇庆怀集警队、交通、卫健等各部门人员以平凡之驱撑起“检疫篷”，奋力保护战疫阵地！你们是好样的，辛苦了！@掌上肇庆@平安南粤@肇庆发布', '89381721', NULL, '450408469481402368.jpg', NULL, '2020-04-22 18:43:35.809000', 'reviewed', '米果时代', '何晶明', '2020-04-22 18:43:36', 'Hocassian', b'0', '2020-04-22 18:43:36', 'Hocassian');
INSERT INTO `client_video` VALUES ('450409431180783616', '肇庆封开山水秀，悠悠房车路上行~', '拍摄&制作于20.01.21，让马蜂窝旅行达人卷卷和小丽带你体验房车之旅~等疫情过去欢迎大家来肇庆感受自然之美！百辆房车穿梭山水间，千米表演队伍巡游古城，万名市民游客参与欢庆活动……新春将至，肇庆结合地方特色与传统民俗，以创新形式推出多个具有“广府”味道的新年活动。', '89962850', NULL, '450409406719602688.jpg', NULL, '2020-04-22 18:47:22.227000', 'reviewed', '米果时代', '何晶明', '2020-04-22 18:47:22', 'Hocassian', b'0', '2020-04-22 18:47:22', 'Hocassian');
INSERT INTO `client_video` VALUES ('450468762949529600', '肇庆高要评选第二届“最美高要人”，普通市民演绎人间大爱', '（制作于2019年7月）24位平凡人，演绎着不平凡的故事，展示高要人的精气神！在第该届“最美高要人”授奖晚会上，获奖者身上的最美之光闪耀高要！', '90347810', NULL, '450468748177190912.jpg', NULL, '2020-04-22 22:43:08.023000', 'reviewed', '米果时代', '何晶明', '2020-04-22 22:43:08', 'Hocassian', b'0', '2020-04-22 22:43:08', 'Hocassian');
INSERT INTO `client_video` VALUES ('451371943715942400', '日本经济崩盘始末', '数据来源：\nWind、Bloomberg、日本财务省、金融厅、央行、厚生劳动省、经济产业省、国土交通省、统计局等\n参考文献\n大藏省财政史室：昭和财政史第20卷\nRichard Werner：Princes of the Yen\n中国驻日使馆经参处，国家发展和改革委外事司：日本经济发展对我国全面建设小康社会的启示\n日本经济企划厅,日本科学技术厅经济白皮书\n竹内宏：日本现代经济发展史\n有泽广巳：日本的崛起——昭和经济史\nGillian Tett：拯救日本\n野口悠纪雄：泡沫经济学\n完整参考文献见视频内', '455267829', 'BV1YA41147Mu', '452255029504782336.jpg', '442758641964298240.jpg', '2020-04-25 10:31:59.000000', 'reviewed', '巫师财经', '何白渝', '2020-04-01 16:06:51', 'Hocassian', b'0', '2021-04-03 10:25:57', 'Hocassian');
INSERT INTO `client_video` VALUES ('452479418393440256', '测试', '35345435', '455465952', 'BV1Q5411x7Bu', NULL, '452478997973184512.jpg', '2020-04-28 11:52:27.000000', 'draft', '435345', NULL, '2020-04-28 11:52:08', 'Hocassian', b'0', '2020-04-28 11:52:27', 'Hocassian');
INSERT INTO `client_video` VALUES ('461489633747021824', '353636', '3636546767', '413319038', 'BV16V411C7xa', NULL, '461489439248756736.jpg', '2020-05-23 08:36:07.000000', 'draft', '365436', NULL, '2020-05-23 08:36:07', 'Hocassian', b'0', '2020-05-23 08:36:07', 'Hocassian');
INSERT INTO `client_video` VALUES ('461513375902609408', '6365654', '3636546', '668361203', 'BV1wa4y1v7Nh', NULL, '461493804340621312.jpg', '2020-05-23 09:25:06.000000', 'draft', '456546', NULL, '2020-05-23 08:53:33', 'Hocassian', b'0', '2020-05-23 09:25:06', 'Hocassian');
INSERT INTO `client_video` VALUES ('461513678983016448', '【MV】《出发》百辆房车游肇庆活动主题曲', '2019年12月30日上午，肇庆市七星岩景区北门广场一片欢腾，“百辆房车游肇庆”发车仪式在这里举行，全国“百辆房车广东肇庆过大年”系列车队巡游活动正式启动。', '668373431', 'BV1La4y1v78h', NULL, '452478764778270720.jpg', '2020-05-23 08:39:15.000000', 'draft', '彭淑慧、李正涛', NULL, '2020-04-28 11:50:54', 'Hocassian', b'0', '2020-05-23 08:39:15', 'Hocassian');
INSERT INTO `client_video` VALUES ('488029060702941184', '硬核！高考遇台风天，广东肇庆出动运兵车冲锋舟送考生入场', '受台风艾云尼环流影响，今晨，广东肇庆高要区二中考场的道路出现水浸，影响200多个监考老师、考生进入考场。市里紧急调动消防车、武警运兵车、橡皮艇，和冲锋舟迅速赶赴支援。最终，考生、监考老师、试卷已全部安全送达考场。', '24535551', '', '488029048459767808.jpg', '', '2020-08-04 14:14:20.844000', 'reviewed', '观察者网', '何白渝', '2020-08-04 14:14:21', 'Hocassian', b'0', '2020-08-04 14:14:21', 'Hocassian');
INSERT INTO `client_video` VALUES ('488029807565877248', '肇庆学院音乐学院2018合唱大赛：华晨宇《地球之盐》', '合唱来自肇庆学院音乐学院16级音乐学6班。合唱谱写Midsummer仔：“花花（华晨宇）这首歌是写给上帝的，然后我就想有一点剧情，布兰诗歌的那一段旋律就像是模仿战争一样，很多个不协和的和弦唱出来那种战争的残酷……然后一个小男孩他的家园被战争摧毁了，他在废墟中醒来，看到周围的一切都没了，他就开始反问人类，反问上帝，他渴望和平，渴望自由，渴望关爱，他想向世界诉说，就像叙利亚的儿童一样的感觉。”《地球之盐》（作曲：华晨宇 作词：代岳东）原曲现场https://www.bilibili.com/video/av16621201', '23873163', '', '488029783557681152.jpg', '', '2020-08-04 14:17:18.910000', 'reviewed', '', '何白渝', '2020-08-04 14:17:19', 'Hocassian', b'0', '2020-08-04 14:17:19', 'Hocassian');
INSERT INTO `client_video` VALUES ('488039652486557696', '肇庆学院十大歌手：《飘向北方》', '唱的很好啦，尤其是学生能有这水准很厉害。这种歌对rap要求更高，不是说唱的不好，就是rap被副歌压制了很尴尬，rap一定要在张力上压住副歌。', '50107902', '', '488039643145842688.jpg', '', '2020-08-04 14:56:26.122000', 'reviewed', '', '何白渝', '2020-08-04 14:56:26', 'Hocassian', b'0', '2020-08-04 14:56:26', 'Hocassian');
INSERT INTO `client_video` VALUES ('488053224000204800', '过肇庆！逛西江！吃河鲜！这个周末很惬意！', '珠三角各市中，肇庆我们是来得最少的。其实，肇庆真的是一个好地方，那里有全国闻名的鼎湖山、七星岩；吃方面，因为靠着西江，所以各种河鲜也是应有尽有。所以我们决定：以后多一点过来肇庆找吃的！今天，姚大秋就要打响头炮！想着快到周末了，各位股东应该正在酝酿着周末去哪儿玩吧。我们特意选择了一个一天游的线路：早上从广州出发开车前往肇庆，中午在当地找一家地道的馆子吃个河鲜，下午逛逛西江边的羚羊峡古道，晚上再找一家江边的大排档吃！看完视频觉得好的话，你也可以复刻一下我们这条线路哦！', '795787741', '', '488053213132763136.jpg', '', '2020-08-04 15:50:21.823000', 'reviewed', '', '何白渝', '2020-08-04 15:50:22', 'Hocassian', b'0', '2020-08-04 15:50:22', 'Hocassian');
INSERT INTO `client_video` VALUES ('515610152276340736', '「米果时代」新媒体信息化管理系统', '腾讯·大粤网（肇庆）旗下产品「米果时代」信息化新媒体系统，是针对腾讯·大粤网旗下城市合作伙伴的专属信息化管理平台。', '710448192', NULL, '515610143086620672.jpg', NULL, '2020-10-19 16:51:45.507000', 'reviewed', '砚园兄弟', 'Hocassian', '2020-10-19 16:51:46', 'test', b'0', '2020-10-19 16:51:46', 'test');
COMMIT;

-- ----------------------------
-- Table structure for com_staff
-- ----------------------------
DROP TABLE IF EXISTS `com_staff`;
CREATE TABLE `com_staff` (
  `id` varchar(127) NOT NULL COMMENT '员工id',
  `name` varchar(255) DEFAULT NULL COMMENT '员工姓名',
  `nickname` varchar(255) DEFAULT NULL COMMENT '员工昵称',
  `password` varchar(255) DEFAULT NULL COMMENT '登陆密码',
  `level` varchar(255) DEFAULT NULL COMMENT '员工权限（1管理2员工）',
  `create_by` varchar(255) DEFAULT NULL COMMENT '创建人员',
  `update_by` varchar(255) DEFAULT NULL COMMENT '更新人员',
  `create_at` datetime(6) DEFAULT NULL COMMENT '创建时间',
  `update_at` datetime(6) DEFAULT NULL COMMENT '更新时间',
  `is_del` bit(1) DEFAULT NULL,
  PRIMARY KEY (`id`) USING BTREE
) ENGINE=InnoDB DEFAULT CHARSET=utf8mb4 COLLATE=utf8mb4_0900_ai_ci ROW_FORMAT=DYNAMIC COMMENT='员工信息';

-- ----------------------------
-- Records of com_staff
-- ----------------------------
BEGIN;
INSERT INTO `com_staff` VALUES ('426813548531036160', 'admin', 'test', '000000', '1', 'Hocassian', 'Hocassian', '2020-02-17 16:05:45.413000', '2020-02-17 16:05:45.413000', b'0');
COMMIT;

-- ----------------------------
-- Table structure for media_video
-- ----------------------------
DROP TABLE IF EXISTS `media_video`;
CREATE TABLE `media_video` (
  `id` varchar(127) NOT NULL COMMENT '视频编号',
  `video_title` varchar(255) DEFAULT NULL COMMENT '视频标题',
  `video_profile` text COMMENT '视频简介',
  `video_url` varchar(255) DEFAULT NULL COMMENT '视频地址',
  `video_cid` varchar(255) DEFAULT NULL COMMENT '视频cid',
  `video_pic` varchar(255) DEFAULT NULL COMMENT '视频封面',
  `video_status` varchar(255) DEFAULT NULL COMMENT '视频状态',
  `video_class` varchar(255) DEFAULT NULL COMMENT '视频分类',
  `video_tag` varchar(255) DEFAULT NULL COMMENT '视频标签',
  `video_reviewer` varchar(255) DEFAULT NULL COMMENT '视频审核人',
  `video_path` varchar(255) DEFAULT NULL COMMENT '视频本地路径',
  `video_author` varchar(255) DEFAULT NULL COMMENT '视频创作团队',
  `create_at` datetime DEFAULT NULL,
  `create_by` varchar(255) DEFAULT NULL,
  `is_del` bit(1) DEFAULT NULL,
  `update_at` datetime DEFAULT NULL,
  `update_by` varchar(255) DEFAULT NULL,
  PRIMARY KEY (`id`) USING BTREE
) ENGINE=InnoDB DEFAULT CHARSET=utf8mb4 COLLATE=utf8mb4_0900_ai_ci ROW_FORMAT=DYNAMIC;

-- ----------------------------
-- Records of media_video
-- ----------------------------
BEGIN;
INSERT INTO `media_video` VALUES ('452478950132953088', '【MV】《出发》百辆房车游肇庆活动主题曲', '2019年12月30日上午，肇庆市七星岩景区北门广场一片欢腾，“百辆房车游肇庆”发车仪式在这里举行，全国“百辆房车广东肇庆过大年”系列车队巡游活动正式启动。', '668373431', 'BV1La4y1v78h', '452478764778270720.jpg', 'complete', '21', '[\"房车\",\"肇庆\",\"旅游\",\"春节\",\"MV\"]', '何承翰', '452478651519479808.mp4', '彭淑慧、李正涛', '2020-04-28 11:50:54', 'Hocassian', b'0', '2020-05-23 10:11:41', 'Hocassian');
INSERT INTO `media_video` VALUES ('461489627984048128', '353636', '3636546767', '413319038', 'BV16V411C7xa', '461489439248756736.jpg', 'complete', '21', '[\"测试\",\"中文字符\"]', '35435', '461489605842317312.mp4', '365436', '2020-05-23 08:36:07', 'Hocassian', b'0', '2020-05-23 08:36:08', 'Hocassian');
COMMIT;

-- ----------------------------
-- Table structure for vote_activities
-- ----------------------------
DROP TABLE IF EXISTS `vote_activities`;
CREATE TABLE `vote_activities` (
  `id` varchar(127) NOT NULL COMMENT '活动id',
  `activity_name` varchar(255) DEFAULT NULL COMMENT '活动名称',
  `activity_profile` text COMMENT '活动简介',
  `activity_active` bit(1) DEFAULT NULL COMMENT '活动正在举办',
  `activity_live` text COMMENT '活动直播链接',
  `activity_share_pic` varchar(255) DEFAULT NULL,
  `activity_ad` bit(1) NOT NULL COMMENT '是否显示广告栏',
  `create_at` datetime DEFAULT NULL,
  `create_by` varchar(255) DEFAULT NULL,
  `is_del` bit(1) DEFAULT NULL,
  `update_at` datetime DEFAULT NULL,
  `update_by` varchar(255) DEFAULT NULL,
  PRIMARY KEY (`id`) USING BTREE
) ENGINE=InnoDB DEFAULT CHARSET=utf8mb4 COLLATE=utf8mb4_0900_ai_ci ROW_FORMAT=DYNAMIC COMMENT='活动列表';

-- ----------------------------
-- Records of vote_activities
-- ----------------------------
BEGIN;
INSERT INTO `vote_activities` VALUES ('416588530308100096', '省三防办·肇庆市灾难应急演练', '为提高应对重大自然灾害的协调联动和应急处置能力，提高全民安全意识和应对重大自然灾害的能力，提高各级政府及有关职能部门在大灾面前的应急管理水平和应急救援水平，肇庆市人民政府、鼎湖区人民政府、肇庆新区管委会将联合组织2019年重大自然灾害应急救援演练。', b'0', 'https://js.live-play.acgvideo.com/live-js/525505/live_34646754_1367141_2500.flv?wsSecret=a11a5fed6b84e952d7c6a2c9d133e297&wsTime=1587538143&trid=b653c8ba85c848748608e54cd61df999&pt=web&oi=2642060317&order=0&sig=no&platform=web&pSession=1rnt548R-xTWe-47yA-7zc8-Qwar97HnxFS4', '452994643576238080.jpg', b'0', '2020-01-20 10:55:11', 'Hocassian', b'0', '2020-04-29 22:51:42', 'Hocassian');
INSERT INTO `vote_activities` VALUES ('416595906868293632', '请到肇庆过大年', '春节期间，肇庆各地将举办多项主题活动，诚邀各地游客到肇庆，红红火火过大年。', b'0', '32342', NULL, b'0', '2020-01-20 11:24:30', 'Hocassian', b'0', '2020-03-30 21:28:20', 'Hocassian');
INSERT INTO `vote_activities` VALUES ('422542759958949888', '肇庆新区跨年嘉年华', '嘉年华活动围绕肇庆山湖城江自然美景，拥抱粤港澳大湾区，振兴肇庆旅游产业为核心，讲述七星肇庆的城市故事，呈现肇庆独特的人文风俗。', b'0', NULL, NULL, b'0', '2020-02-05 21:15:10', 'Hocassian', b'0', '2020-02-07 18:18:47', NULL);
INSERT INTO `vote_activities` VALUES ('423223787262324736', '百辆房车游肇庆', '邀请全国车友自驾房车走进肇庆，体验千年肇庆的历史文化及优秀旅游资源，更有众多年味节目及特色礼品，欢迎国内外车友踊跃报名。', b'0', NULL, NULL, b'0', '2020-02-07 18:21:20', NULL, b'0', '2020-02-07 18:21:20', NULL);
INSERT INTO `vote_activities` VALUES ('450657498811346944', '论文答辩', '肇庆学院计算机软件学院2020届毕业生何承翰同学的论文答辩，他本次答辩的项目为“基于SpringBoot的新媒体企业信息化系统设计与实现”，该系统主要由五大功能模块组成：官网、小程序、管理后台、综控后端和分发后端。其中，官网用于公司的招商引流和品牌建设；小程序用于活动的直播与和观众的互动；管理后台则为员工与管理员提供管理官网、小程序、和分发内容的服务；综控后端收到用户在管理后台发出的请求后，对各项内容逐一做出响应；若该请求包含内容的分发，则通过消息中间件依次推送给分发后端逐个自动分发。', b'1', 'https://js.live-play.acgvideo.com/live-js/607258/live_2303936_4137514.flv?wsSecret=4b6d6e175b9604a8fa14813517db8564&wsTime=1588058473&trid=ae116a15a39940c9aefd413263c12f17&pt=web&oi=455824913&order=0&sig=no&platform=web&pSession=D9tCDFbW-c0iB-40kw-BB1Z-bmesca3TdGAy', '453061337002815488.jpg', b'0', '2020-04-23 11:13:06', 'Hocassian', b'0', '2020-04-30 02:25:06', 'Hocassian');
COMMIT;

-- ----------------------------
-- Table structure for vote_groups
-- ----------------------------
DROP TABLE IF EXISTS `vote_groups`;
CREATE TABLE `vote_groups` (
  `id` varchar(127) NOT NULL COMMENT '组号',
  `activity_id` varchar(255) DEFAULT NULL COMMENT '活动id',
  `group_name` varchar(255) DEFAULT NULL COMMENT '组名',
  `create_by` varchar(255) DEFAULT NULL,
  `update_by` varchar(255) DEFAULT NULL,
  `create_at` datetime DEFAULT NULL,
  `update_at` datetime DEFAULT NULL,
  `is_del` bit(1) DEFAULT NULL,
  `group_profile` text COMMENT '简介',
  `group_votes` int DEFAULT NULL COMMENT '获票数',
  `group_pic` varchar(255) DEFAULT NULL COMMENT '缩略图',
  `group_pic_hd` varchar(255) DEFAULT NULL COMMENT '高清图',
  PRIMARY KEY (`id`) USING BTREE
) ENGINE=InnoDB DEFAULT CHARSET=utf8mb4 COLLATE=utf8mb4_0900_ai_ci ROW_FORMAT=DYNAMIC COMMENT='投票对象';

-- ----------------------------
-- Records of vote_groups
-- ----------------------------
BEGIN;
INSERT INTO `vote_groups` VALUES ('422542475278954496', '416588530308100096', '水上联合搜救', 'Hocassian', 'Hocassian', '2020-02-05 21:14:02', '2020-02-07 18:57:10', b'0', '群众向110报警，长利涌4号桥附近水域有两名村民意外落水，自己被困在河涌孤岛。指挥部立即命令水上救援组出发奔赴现场，无人机携带救生圈飞往现场。', 145, NULL, '423232806202912768.jpg');
INSERT INTO `vote_groups` VALUES ('422895626850938880', '422542759958949888', '黎明', NULL, NULL, '2020-02-06 20:37:20', '2020-02-07 18:51:18', b'0', '华语男歌手、演员、导演、公司老板、慈善事业工作者。', 13, NULL, '423231331426906112.jpg');
INSERT INTO `vote_groups` VALUES ('423179365694844928', '423223787262324736', '四会', NULL, 'Hocassian', '2020-02-07 15:24:49', '2020-02-07 18:55:14', b'0', '柑桔之乡“结玉缘”', 0, NULL, '423232321102295040.jpg');
INSERT INTO `vote_groups` VALUES ('423224079248797696', '423223787262324736', '广宁', NULL, 'Hocassian', '2020-02-07 18:22:29', '2020-02-07 18:54:20', b'0', '竹子王国\"迎财神\"', 0, NULL, '423232094307889152.jpg');
INSERT INTO `vote_groups` VALUES ('423225094731739136', '416588530308100096', '消防灭火、医疗救护', NULL, 'Hocassian', '2020-02-07 18:26:31', '2020-02-07 19:02:36', b'0', '某小区发生火灾，居委会人员发现火情后，立即到现场疏散周边人员，火情无法控制，为防止危及他人，拨打119，请求救火。区消防大队马上出动两辆消防车赶达现场，消防抢险组组长指挥队员跑步行动，手持高压水枪对房屋进行灭火。', 13, NULL, '423234175014023168.jpg');
INSERT INTO `vote_groups` VALUES ('423225176151568384', '416588530308100096', '交通事故破拆救援', NULL, 'Hocassian', '2020-02-07 18:26:51', '2020-02-07 19:02:27', b'0', '受暴雨与路面积水影响，两辆小汽车相撞，其中一车失控把一围墙撞塌，倒塌的围墙将一台小车压住，车内有1名伤者急需救援，交通事故救援组进行破拆救援。', 45, NULL, '423234137030406144.jpg');
INSERT INTO `vote_groups` VALUES ('423225251577737216', '416588530308100096', '直升机快速转运伤员', NULL, 'Hocassian', '2020-02-07 18:27:09', '2020-02-07 19:02:18', b'0', '现场指挥官向空中救援组下达直升机转运伤员的命令，空中救援组机组人员与地面指挥部联络。待直升机到达现场上空、并安全降落在停机点后，救援人员跑步到安全区域，在地面救援人员协助下，用担架将重伤人员抬抬上飞机。救援直升机起飞，转运伤员飞到演练场外另外一个停机点。', 12, NULL, '423234096777670656.jpg');
INSERT INTO `vote_groups` VALUES ('423225344322187264', '416588530308100096', '无人机空中灾情侦察', NULL, 'Hocassian', '2020-02-07 18:27:31', '2020-02-07 19:02:11', b'0', '指挥部专家通过无人机传送来的画面与鼎湖区、肇庆新区建筑物3D建模模型画面进行比对分析，发现一栋居民楼房出现倾斜，有倒塌的危险，派出工作人员到现场，组织居民迅速疏散。', 92, NULL, '423234066821951488.jpg');
INSERT INTO `vote_groups` VALUES ('423225512631218176', '416588530308100096', '灾后保障', NULL, 'Hocassian', '2020-02-07 18:28:11', '2020-02-07 19:01:05', b'0', '台风、暴雨、雷击造成大面积停电停水和通信设施受破坏，供电、供水、电信部门组织抢修。供电、供水、电信部门出动应急发电车、电力抢修车、“龙吸水”、通信抢修车等专业大型抢险设备到现场抢险。 \"环境监测组运用环境指标检测设备，对水源指标进行监测。  环境监测组组长向现场指挥官报告监测情况。\" 疾控中心人员穿戴防护服开展消杀药剂配备、喷洒，并开展“灾后”流行性传染病调查。', 113, NULL, '423233792715796480.jpg');
INSERT INTO `vote_groups` VALUES ('423225740184793088', '416588530308100096', '三防物资跨区调动', NULL, 'Hocassian', '2020-02-07 18:29:05', '2020-02-07 19:00:46', b'0', '台风过后，鼎湖区、肇庆新区内涝严重，部分街道受浸，抽水泵不足，请求市三防指挥部支援，市三防指挥部立即指示四会三防指挥部，火速抽调30台抽水泵赶到鼎湖区。', 44, NULL, '423233713657360384.jpg');
INSERT INTO `vote_groups` VALUES ('423225873697878016', '416588530308100096', '群众紧急疏散转移', NULL, 'Hocassian', '2020-02-07 18:29:37', '2020-02-07 19:00:38', b'0', '无人机空中侦察灾情，把视频传送到指挥部大屏幕。指挥部专家通过无人机传送来的画面与之前3D建模画面分析，发现一栋居民楼房出现倾斜，有倒塌的危险，派出工作人员到现场，组织居民迅速疏散无人机实时导航引导，协助工作人员组织居民紧急疏散。', 23, NULL, '423233678609756160.jpg');
INSERT INTO `vote_groups` VALUES ('423225985195061248', '416588530308100096', '高角度绳索横渡救援', NULL, 'Hocassian', '2020-02-07 18:30:04', '2020-02-07 18:59:16', b'0', '一高层建筑物出口受破坏，周边水浸，一居民受重伤，无法撤离，消防救援组与新兴际华救援组联合采取高角度绳索横渡方式进行救援。', 65, NULL, '423233336920780800.jpg');
INSERT INTO `vote_groups` VALUES ('423226074684731392', '416588530308100096', '无人机参与救援', NULL, 'Hocassian', '2020-02-07 18:30:25', '2020-02-07 19:00:23', b'0', '无人机发现一山林中有3人呼救，无人机向被困人员投送药品、食品、饮用水等物资，同时派出搜救队伍进行搜救。', 50, NULL, '423233616085266432.jpg');
INSERT INTO `vote_groups` VALUES ('430931838002016256', '450657498811346944', '公司官网', NULL, 'Hocassian', '2020-02-29 00:50:22', '2020-04-23 11:24:23', b'0', '公司的招商引流，和品牌建设。', 5, '', '450658661099122688.jpg');
INSERT INTO `vote_groups` VALUES ('450658953324670976', '450657498811346944', '直播小程序', 'Hocassian', 'Hocassian', '2020-04-23 11:18:53', '2020-04-23 11:24:31', b'0', '活动的直播与和观众的互动（就是你们现在正在使用的这个）。', 3, '', '450659260276420608.jpg');
INSERT INTO `vote_groups` VALUES ('450659506385596416', '450657498811346944', '管理后台', 'Hocassian', 'Hocassian', '2020-04-23 11:21:05', '2020-04-23 11:24:16', b'0', '为员工与管理员提供管理官网、小程序、和分发内容的服务。', 2, '', '450659739458875392.jpg');
INSERT INTO `vote_groups` VALUES ('450660247510724608', '450657498811346944', '综控后端', 'Hocassian', 'Hocassian', '2020-04-23 11:24:02', '2020-04-23 11:31:22', b'0', '收到用户在管理后台发出的请求后，对各项内容逐一做出响应。', 1, '', '450662093721710592.jpg');
INSERT INTO `vote_groups` VALUES ('450662670564339712', '450657498811346944', '内容分发后端', 'Hocassian', 'Hocassian', '2020-04-23 11:33:39', '2020-04-23 11:37:54', b'0', '此后端包含消息队列模块和Python自动化模块，上继Spring Boot数据综控后端，下承MySQL数据库，通过消息队列 + 自动化脚本实现内容的多平台分发，用于分发文章或视频至多个全媒体平台，目前程序可进行今日头条和哔哩哔哩这两个第三方平台的分发。', 0, '', '450663736764805120.jpg');
COMMIT;

-- ----------------------------
-- Table structure for vote_merchants
-- ----------------------------
DROP TABLE IF EXISTS `vote_merchants`;
CREATE TABLE `vote_merchants` (
  `id` varchar(127) NOT NULL COMMENT '赞助商编号',
  `activity_id` varchar(255) DEFAULT NULL COMMENT '活动id',
  `merchant_name` varchar(255) DEFAULT NULL COMMENT '赞助商名称',
  `merchant_info` varchar(255) DEFAULT NULL COMMENT '赞助商信息',
  `merchant_logo` varchar(255) DEFAULT NULL COMMENT '赞助商图标',
  `create_at` datetime DEFAULT NULL,
  `create_by` varchar(255) DEFAULT NULL,
  `is_del` bit(1) DEFAULT NULL,
  `update_at` datetime DEFAULT NULL,
  `update_by` varchar(255) DEFAULT NULL,
  PRIMARY KEY (`id`) USING BTREE
) ENGINE=InnoDB DEFAULT CHARSET=utf8mb4 COLLATE=utf8mb4_0900_ai_ci ROW_FORMAT=DYNAMIC COMMENT='赞助商对象';

-- ----------------------------
-- Records of vote_merchants
-- ----------------------------
BEGIN;
INSERT INTO `vote_merchants` VALUES ('423209533494800384', '416588530308100096', '爱森', '以水会友，给您最优质安全的饮水服务， 竭诚关注您生活的每一天。 爱森饮用水，值得您的信赖！', '423237899946045440.jpg', '2020-02-07 17:24:41', NULL, b'0', '2020-02-07 19:43:00', NULL);
INSERT INTO `vote_merchants` VALUES ('423235452661936128', '416588530308100096', '中国电信', '肇庆电信业务办理、查询及咨询，了解新鲜套餐资讯，享受各种生活优惠。', '423237870292316160.jpg', '2020-02-07 19:07:41', 'Hocassian', b'0', '2020-02-07 19:17:17', 'Hocassian');
INSERT INTO `vote_merchants` VALUES ('423235543225348096', '416588530308100096', '华南安全谷', '华南安全谷，是新兴际华集团根据国家应急产业战略部署，整合行业高端资源打造的产业资源集聚平台。', '423237832388390912.jpg', '2020-02-07 19:08:02', 'Hocassian', b'0', '2020-02-07 19:17:08', 'Hocassian');
INSERT INTO `vote_merchants` VALUES ('423235860503474176', '416588530308100096', '科比特无人机', '深圳市科比特航空科技有限公司是一家专业从事多旋翼无人机系统的研发、生产、销售、服务为一体化的高新科技企业。', '423237781821861888.jpg', '2020-02-07 19:09:18', 'Hocassian', b'0', '2020-02-07 19:16:56', 'Hocassian');
INSERT INTO `vote_merchants` VALUES ('423236093639667712', '416588530308100096', '米果传媒', '我们是腾讯在肇庆市的城市合作伙伴，提供企业和政府品牌建设服务、企业和政府宣传片摄制、大型活动策划与组织。', '423237743720804352.jpg', '2020-02-07 19:10:14', 'Hocassian', b'0', '2020-02-07 19:16:47', 'Hocassian');
INSERT INTO `vote_merchants` VALUES ('423236166129823744', '416588530308100096', '肇庆食神', '天天来食神，日日都醒神！ 肇庆食神竭诚为您打造精彩纷呈的盛宴，经验丰富的宴会服务团队与您携手合作。', '423237600573403136.jpg', '2020-02-07 19:10:31', 'Hocassian', b'0', '2020-02-07 19:16:13', 'Hocassian');
INSERT INTO `vote_merchants` VALUES ('423236239068770304', '416588530308100096', '冠德石油', '冠德石油秉承“诚信、责任、互助、共赢”的宗旨，竭诚提供优质的油品、便捷的加油科技、贴心的加油服务！', '423237576661676032.jpg', '2020-02-07 19:10:48', 'Hocassian', b'0', '2020-02-07 19:16:07', 'Hocassian');
INSERT INTO `vote_merchants` VALUES ('423236373831757824', '416588530308100096', '九道谷狂野漂流', '九道谷是“广东十大漂流圣地之一”，以“漂流体验、山地运动、康体养生、生态度假、亲子娱乐、研学教育、团队拓展”为核心，打造集时尚运动、精致生活、康养度假、休闲娱乐等功能于一体的综合型生态旅游度假区。', '423237550363389952.jpg', '2020-02-07 19:11:21', 'Hocassian', b'0', '2020-02-07 19:16:01', 'Hocassian');
INSERT INTO `vote_merchants` VALUES ('423236470095228928', '416588530308100096', '天润生活馆', '一杯简简单单的牛奶，才是放心的好牛奶。源自北纬42°天山牧场的黄金奶源，铸就天润好酸奶！', '423236581139427328.jpg', '2020-02-07 19:11:43', 'Hocassian', b'0', '2020-02-07 19:12:10', 'Hocassian');
INSERT INTO `vote_merchants` VALUES ('450664101325320192', '450657498811346944', '哔哩哔哩', 'ilibili是国内知名的视频弹幕网站，这里有最及时的动漫新番，最棒的ACG氛围，最有创意的Up主，大家可以在这里找到许多欢乐。', '450664205595717632.jpg', '2020-04-23 11:39:20', 'Hocassian', b'0', '2020-04-23 11:39:45', 'Hocassian');
INSERT INTO `vote_merchants` VALUES ('450664364777943040', '', '今日头条', '今日头条是北京字节跳动科技有限公司开发的一款基于数据挖掘的推荐引擎产品，为用户推荐信息、提供连接人与信息的服务的产品。', '450664642159849472.jpg', '2020-04-23 11:40:23', 'Hocassian', b'0', '2020-04-23 11:54:53', 'Hocassian');
INSERT INTO `vote_merchants` VALUES ('450664765430444032', '450657498811346944', '米果传媒', '我们是腾讯在肇庆市的城市合作伙伴，提供企业和政府品牌建设服务、企业和政府宣传片摄制、大型活动策划与组织。', '450664846195961856.jpg', '2020-04-23 11:41:59', 'Hocassian', b'0', '2020-04-23 11:42:18', 'Hocassian');
INSERT INTO `vote_merchants` VALUES ('450665000584097792', '450657498811346944', '肇庆学院', '肇庆学院（Zhaoqing University）是广东省和肇庆市共建的公办全日制综合型本科大学，是广东省转型发展试点院校，是广东省2017年硕士学位授予立项建设单位之一。', '450665113490567168.jpg', '2020-04-23 11:42:55', 'Hocassian', b'0', '2020-04-23 11:43:22', 'Hocassian');
COMMIT;

-- ----------------------------
-- Table structure for vote_notes
-- ----------------------------
DROP TABLE IF EXISTS `vote_notes`;
CREATE TABLE `vote_notes` (
  `id` varchar(127) NOT NULL COMMENT '公告id',
  `activity_id` varchar(255) DEFAULT NULL COMMENT '公告对应活动id',
  `note_name` varchar(255) DEFAULT NULL COMMENT '公告项目名称',
  `note_display_time` datetime(6) DEFAULT NULL COMMENT '展示时间',
  `note_details` text COMMENT '公告正文',
  `create_at` datetime DEFAULT NULL,
  `create_by` varchar(255) DEFAULT NULL,
  `is_del` bit(1) DEFAULT NULL,
  `update_at` datetime DEFAULT NULL,
  `update_by` varchar(255) DEFAULT NULL,
  PRIMARY KEY (`id`) USING BTREE
) ENGINE=InnoDB DEFAULT CHARSET=utf8mb4 COLLATE=utf8mb4_0900_ai_ci ROW_FORMAT=DYNAMIC COMMENT='公告栏';

-- ----------------------------
-- Records of vote_notes
-- ----------------------------
BEGIN;
INSERT INTO `vote_notes` VALUES ('423271055885611008', '416588530308100096', '演练预备工作', '2019-11-18 09:00:00.000000', '演练人员集结：  参演人员现场待命，后勤保障人员准备就绪，领导嘉宾就坐完毕。各参演队伍跑步到主席台前。\\n各演练小组（综合协调组、应急专家组、秩序管制组、消防抢险组、医疗救护组、水上救援组、直升飞机救援组、新兴际华救援组、科比特无人机救援组、环境监测组、疾控组、事故模拟组、供电保障组、供水保障组、通信保障组）及设备准备就绪。', '2020-02-07 21:29:09', NULL, b'0', '2020-03-02 11:37:41', NULL);
INSERT INTO `vote_notes` VALUES ('423295641310212096', '416588530308100096', '三防物资跨区调动', '2019-11-18 09:45:00.000000', '台风过后，鼎湖区、肇庆新区内涝严重，部分街道受浸，抽水泵不足，请求市三防指挥部支援，市三防指挥部立即指示四会三防指挥部，火速抽调30台抽水泵赶到鼎湖区。', '2020-02-07 23:06:51', NULL, b'0', '2020-02-09 01:01:50', NULL);
INSERT INTO `vote_notes` VALUES ('423295709299879936', '416588530308100096', '演练正式开始', '2019-11-18 09:40:00.000000', '各实战演练小组现场待命，现场指挥官下达演练正式开始命令。', '2020-02-07 23:07:07', NULL, b'0', '2020-02-09 01:00:14', NULL);
INSERT INTO `vote_notes` VALUES ('423310139299475456', '416588530308100096', '演练介绍', '2019-11-18 09:30:00.000000', '为提高应对重大自然灾害，特别是重大自然灾害后，党委、政府的协调联动和应急处置能力，做好防灾抗灾抢险应急救援工作，避免或最大限度减少自然灾害造成的人员伤亡和财产损失，提高全民安全意识和应对重大自然灾害的能力，提高各级政府及有关职能部门在大灾面前的应急管理水平和应急救援水平，肇庆市人民政府、鼎湖区人民政府、肇庆新区管委会联合开展灾后处置应急演练。今天的演练在肇庆新区举行。 腾讯新闻对本次演练进行现场直播。不能亲临现场的市民朋友可以通过腾讯新闻APP肇庆页卡实时观看演练。本次演练模拟强台风过后，党委政府迅速反应，立即组织开展强有力的处置工作，有效应对包括城市内涝、楼房受损、民宅火警、群众被困、人员落水、交通事故等各种灾害和突发事件。演练分两个地点进行，除了我们现在所处这个主会场，还设分会场，参加演练的除了常规队伍外，还动员社会力量参与演练，引进直升机、无人机、高角度绳索横渡救援、蛙人潜水救援等先进的高科技救援装备及技术，并通过无人机以及水下高清摄像机回传画面，呈现一场充满科技感的“水陆空”立体式大型应急救援演练。', '2020-02-08 00:04:28', NULL, b'0', '2020-02-09 00:58:21', NULL);
INSERT INTO `vote_notes` VALUES ('423687296995569664', '416588530308100096', '无人机空中侦察灾情', '2019-11-18 09:50:00.000000', '无人机空中侦察灾情，把视频传送到指挥部大屏幕。 指挥部专家通过无人机传送来的画面与之前3D建模画面分析，发现一栋居民楼房出现倾斜，有倒塌的危险，派出工作人员到现场，组织居民迅速疏散。', '2020-02-09 01:03:09', NULL, b'0', '2020-02-09 01:03:09', NULL);
INSERT INTO `vote_notes` VALUES ('450665832566239232', '450657498811346944', '前期准备', '2020-04-27 21:00:00.000000', '答辩前各类文档的准备、直播系统的调试、和答辩文稿的预演，使答辩时呈现出最好的效果。', '2020-04-23 11:46:13', 'Hocassian', b'0', '2020-04-27 22:24:25', 'Hocassian');
INSERT INTO `vote_notes` VALUES ('450666352261476352', '450657498811346944', '答辩流程', '2020-04-28 14:30:00.000000', '首先播放系统介绍视频，接着分模块详细介绍各项功能。', '2020-04-23 11:48:17', 'Hocassian', b'0', '2020-04-27 22:24:12', 'Hocassian');
COMMIT;

-- ----------------------------
-- Table structure for vote_records
-- ----------------------------
DROP TABLE IF EXISTS `vote_records`;
CREATE TABLE `vote_records` (
  `id` varchar(127) NOT NULL COMMENT '投票记录id',
  `group_id` varchar(255) DEFAULT NULL COMMENT '投票对象id',
  `record_nickname` varchar(255) DEFAULT NULL COMMENT '用户昵称',
  `record_openid` varchar(255) DEFAULT NULL COMMENT '用户openid',
  `record_date` date DEFAULT NULL COMMENT '投票时间',
  `create_at` datetime DEFAULT NULL,
  `create_by` varchar(255) DEFAULT NULL,
  `is_del` bit(1) DEFAULT NULL,
  `update_at` datetime DEFAULT NULL,
  `update_by` varchar(255) DEFAULT NULL,
  `activity_id` varchar(255) DEFAULT NULL,
  PRIMARY KEY (`id`) USING BTREE
) ENGINE=InnoDB DEFAULT CHARSET=utf8mb4 COLLATE=utf8mb4_0900_ai_ci ROW_FORMAT=DYNAMIC COMMENT='投票记录';

-- ----------------------------
-- Records of vote_records
-- ----------------------------
BEGIN;
INSERT INTO `vote_records` VALUES ('431651761049317245', '423225251577737216', 'hks', 'odt1r5ZGJyqLSmf33aQiV23526', NULL, '2020-03-02 00:31:05', NULL, NULL, '2020-03-02 00:31:05', NULL, NULL);
INSERT INTO `vote_records` VALUES ('452844533143842816', '422542475278954496', NULL, '', NULL, '2020-04-29 12:03:36', NULL, b'0', '2020-04-29 12:03:36', NULL, NULL);
INSERT INTO `vote_records` VALUES ('453058182152204288', '450660247510724608', 'Hocassian ?', 'oEsYF5st_yqQHmlm1njuD88qj_OY', NULL, '2020-04-30 02:12:34', NULL, b'0', '2020-04-30 02:12:34', NULL, NULL);
INSERT INTO `vote_records` VALUES ('453330832845975552', '450659506385596416', NULL, 'oEsYF5nWEqU_B308KdEicfso7LHE', '2020-04-30', '2020-04-30 20:15:59', NULL, b'0', '2020-04-30 20:15:59', NULL, NULL);
INSERT INTO `vote_records` VALUES ('456216111021830144', '430931838002016256', '种花家的小鱼干', 'oEsYF5slxWXhG9Me9AwXQvOS3RDY', '2020-05-08', '2020-05-08 19:21:03', NULL, b'0', '2020-05-08 19:21:03', NULL, NULL);
INSERT INTO `vote_records` VALUES ('456246127470325760', '430931838002016256', '虚拟', 'oEsYF5oiuMTo0xd16pwtrAQDXwZY', '2020-05-08', '2020-05-08 21:20:19', NULL, b'0', '2020-05-08 21:20:19', NULL, NULL);
INSERT INTO `vote_records` VALUES ('465309611847856128', '430931838002016256', '你午睡了吗', 'oEsYF5vqfuqh4JuAQg42iZ7yXiVo', '2020-06-02', '2020-06-02 21:35:22', NULL, b'0', '2020-06-02 21:35:22', NULL, NULL);
INSERT INTO `vote_records` VALUES ('500657311434682368', '430931838002016256', 'Lancelot Lam', 'oEsYF5r3bCc0lGqGo57oBvfP7leQ', '2020-09-08', '2020-09-08 10:34:30', NULL, b'0', '2020-09-08 10:34:30', NULL, NULL);
INSERT INTO `vote_records` VALUES ('502658538032869376', '430931838002016256', '...', 'oEsYF5mGiZxVbWNcU20d8foWZa30', '2020-09-13', '2020-09-13 23:06:40', NULL, b'0', '2020-09-13 23:06:40', NULL, NULL);
INSERT INTO `vote_records` VALUES ('566694995088912384', '450659506385596416', '柚子', 'oEsYF5oBmdbqUY7p0DZdj9j1HKKM', '2021-03-09', '2021-03-09 16:04:41', NULL, b'0', '2021-03-09 16:04:41', NULL, NULL);
COMMIT;

-- ----------------------------
-- Table structure for vote_swipers
-- ----------------------------
DROP TABLE IF EXISTS `vote_swipers`;
CREATE TABLE `vote_swipers` (
  `id` varchar(127) NOT NULL COMMENT '编号',
  `activity_id` varchar(255) DEFAULT NULL COMMENT '活动id',
  `swiper_pic` varchar(255) DEFAULT NULL COMMENT '轮播图地址',
  `swiper_name` varchar(255) DEFAULT NULL COMMENT '轮播图名称',
  `create_at` datetime DEFAULT NULL,
  `create_by` varchar(255) DEFAULT NULL,
  `is_del` bit(1) DEFAULT NULL,
  `update_at` datetime DEFAULT NULL,
  `update_by` varchar(255) DEFAULT NULL,
  PRIMARY KEY (`id`) USING BTREE
) ENGINE=InnoDB DEFAULT CHARSET=utf8mb4 COLLATE=utf8mb4_0900_ai_ci ROW_FORMAT=DYNAMIC COMMENT='小程序轮播图';

-- ----------------------------
-- Records of vote_swipers
-- ----------------------------
BEGIN;
INSERT INTO `vote_swipers` VALUES ('423680077965045760', '416588530308100096', '423682604311785472.jpg', '应急救灾演练_标题1', '2020-02-09 00:34:28', 'Hocassian', b'0', '2020-02-09 00:44:30', 'Hocassian');
INSERT INTO `vote_swipers` VALUES ('423681821197479936', '416588530308100096', '423682580454584320.jpg', '应急救灾演练_标题2', '2020-02-09 00:41:23', 'Hocassian', b'0', '2020-02-09 00:44:24', 'Hocassian');
INSERT INTO `vote_swipers` VALUES ('423681859889934336', '416588530308100096', '423682563379572736.jpg', '应急救灾演练_标题3', '2020-02-09 00:41:33', 'Hocassian', b'0', '2020-02-09 00:44:20', 'Hocassian');
INSERT INTO `vote_swipers` VALUES ('423681905255526400', '416588530308100096', '423682547055341568.jpg', '轮播图-爱森山泉', '2020-02-09 00:41:43', 'Hocassian', b'0', '2020-02-09 00:44:16', 'Hocassian');
INSERT INTO `vote_swipers` VALUES ('423681924243140608', '416588530308100096', '423682530575921152.jpg', '轮播图-华南谷', '2020-02-09 00:41:48', 'Hocassian', b'0', '2020-02-09 00:44:13', 'Hocassian');
INSERT INTO `vote_swipers` VALUES ('423681953615851520', '416588530308100096', '423682509314994176.jpg', '轮播图-科比特', '2020-02-09 00:41:55', 'Hocassian', b'0', '2020-02-09 00:44:08', 'Hocassian');
INSERT INTO `vote_swipers` VALUES ('423681987241586688', '416588530308100096', '423682483608104960.jpg', '轮播图-米果', '2020-02-09 00:42:03', 'Hocassian', b'0', '2020-02-09 00:44:01', 'Hocassian');
INSERT INTO `vote_swipers` VALUES ('423682025229398016', '416588530308100096', '423682461441208320.jpg', '轮播图-肇鼎山泉', '2020-02-09 00:42:12', 'Hocassian', b'0', '2020-02-09 00:43:56', 'Hocassian');
INSERT INTO `vote_swipers` VALUES ('423682055789096960', '416588530308100096', '423682096826167296.jpg', '轮播图-中国电信', '2020-02-09 00:42:19', 'Hocassian', b'0', '2020-02-09 00:42:29', 'Hocassian');
INSERT INTO `vote_swipers` VALUES ('450666477134295040', '450657498811346944', '450666857603805184.jpg', '论文答辩01', '2020-04-23 11:48:47', 'Hocassian', b'0', '2020-04-23 11:50:18', 'Hocassian');
INSERT INTO `vote_swipers` VALUES ('450666928391073792', '450657498811346944', '450666994963066880.jpg', '论文答辩02', '2020-04-23 11:50:34', 'Hocassian', b'0', '2020-04-23 11:50:50', 'Hocassian');
INSERT INTO `vote_swipers` VALUES ('450667098251997184', '450657498811346944', '450667238408859648.jpg', '论文答辩03', '2020-04-23 11:51:15', 'Hocassian', b'0', '2020-04-23 11:51:48', 'Hocassian');
COMMIT;

SET FOREIGN_KEY_CHECKS = 1;
